target,1rank,2rank,3rank,4rank,5rank
1540,1540,1872,2560,1824,1495
549,2645,104,645,549,470
2290,2290,1877,2713,2431,2608
2601,2601,2547,2113,2093,1387
1302,2730,1302,1317,2394,1491
1485,1485,681,737,16,7
259,259,1388,1777,1905,1191
1833,1833,482,1154,412,2493
1912,485,1912,411,1595,2165
2669,2669,605,2074,655,1156
824,824,2125,1499,1855,2689
2368,2368,885,1660,148,320
9,9,822,151,2610,734
861,861,804,761,2310,331
854,854,352,975,1641,1166
1368,1533,2442,1368,275,2002
597,597,1251,280,2624,2273
598,598,358,961,2087,1082
419,1980,419,612,525,1867
1970,1970,2172,512,1563,1469
1198,1198,2692,2208,2460,758
2038,1976,2038,699,679,1873
1684,1684,977,186,888,856
253,1137,253,1619,2163,447
1777,1388,1777,876,259,2372
2229,2229,678,1312,572,455
1826,1826,2599,2417,787,2067
2249,2249,2035,2332,704,2103
589,589,2603,1233,638,1750
98,98,1609,295,618,2015
2238,2238,218,2709,2043,1623
2496,2496,1782,1322,1150,2426
1778,1778,197,306,1671,151
1340,1340,1346,2459,2342,2226
1901,1901,2196,2493,90,412
1341,1341,1140,1322,1150,1192
2680,2680,216,1910,1015,1866
2607,2607,1612,2480,2255,1491
2201,8,1578,2440,345,1
2251,1295,2251,1187,1829,1762
1541,1541,194,307,614,480
731,731,1721,1274,714,2185
116,116,284,1955,1007,2585
1403,1628,21,1403,557,916
1402,1402,691,2329,1549,642
480,480,194,446,2290,621
467,467,2713,857,1877,1843
1047,1047,555,2556,1214,570
1706,1706,1452,1178,1751,397
1372,1372,484,2556,1910,2040
660,660,1929,1189,1944,1613
168,2181,1789,168,2645,1512
1709,1709,1075,87,1116,672
1257,1257,2292,2457,465,277
1091,836,2699,1930,1091,719
1092,1592,2548,619,1507,1193
1093,1093,2290,467,1311,875
1090,2638,1090,1186,281,250
1089,1089,1431,752,1135,2223
1094,1094,79,2206,1115,992
1095,1592,2548,619,1507,1193
1362,1362,1832,694,2416,1817
730,730,2600,1036,1522,803
729,729,784,2690,793,1277
2452,2452,1184,1929,15,436
72,1811,72,378,995,2303
513,513,708,2503,669,419
511,511,2626,919,1590,1781
2685,2685,2105,970,646,1217
512,512,1563,2172,1417,402
1023,1023,495,1133,280,332
2286,2508,2286,1775,886,362
1823,1034,1823,2535,122,2329
1434,1434,1783,1157,1891,2668
0,0,776,1729,97,40
1,8,1578,2440,345,1
3,3,2324,519,1040,2400
2,1750,257,638,1828,2
2254,1004,2254,2101,79,2206
2255,551,2255,2427,1963,1535
2256,757,2256,1583,491,1584
1758,466,1758,189,2687,2589
2257,757,2256,1583,491,1584
2258,2258,578,2707,1028,1948
617,617,2266,1448,42,335
255,255,140,1949,603,825
87,87,1116,2532,1709,672
88,967,981,75,130,88
1279,1279,2729,580,2124,401
2691,1008,2691,2526,999,2423
776,890,776,454,132,1303
1932,1932,684,328,823,1279
1933,1933,1220,1804,423,271
1189,1189,912,1773,347,2658
631,1219,741,1165,631,1973
632,1016,632,2692,876,2372
2035,2035,563,2023,2103,1407
905,1652,905,1860,1054,2453
1775,2508,2286,1775,886,362
1973,1219,741,1165,631,1973
2103,2103,1407,1880,146,1176
2175,2175,2593,1628,1863,802
1992,163,1010,1321,2411,2493
2176,163,1010,1321,2411,2493
113,2387,113,2286,1305,518
579,579,2670,2509,1258,768
568,568,1878,1870,944,249
2427,2427,1208,2322,188,1042
2342,2342,1360,399,1952,348
725,725,1694,2594,1172,1148
2131,1654,507,1923,2131,1991
2492,504,1468,496,2492,2315
315,974,315,1516,304,418
2274,1042,1208,1633,2274,188
657,657,1458,783,1175,10
1990,1990,573,2066,2511,1768
832,832,559,99,1855,1602
1988,1988,1952,1761,2240,1550
1463,337,149,2182,539,1638
796,796,357,1730,1688,683
1579,1579,1280,2037,2654,2259
2604,2604,427,860,588,546
2603,1750,257,638,1828,2
216,216,2680,1910,1784,529
1911,1911,500,692,1049,2111
649,649,1642,2251,1486,1295
1745,2325,2448,910,2406,1686
1954,1954,2545,833,2232,1580
2658,2658,316,1870,497,1189
78,164,78,63,1942,2049
79,79,2206,465,985,303
415,415,625,2327,2290,207
1163,1163,2670,321,716,2273
2525,2525,235,1619,556,2682
2209,2209,506,1669,1129,1622
80,80,1837,264,16,481
235,235,2525,529,1218,964
2592,238,1998,1289,1696,2592
2593,2175,2593,1628,1863,802
1713,1713,2275,953,274,1607
1043,576,127,1043,271,423
223,2517,1216,223,122,1653
604,604,2641,129,2208,2571
829,829,2547,402,2093,2513
830,830,999,384,1381,2613
831,2278,831,1569,1618,2657
573,1990,573,2066,2511,1768
476,476,483,421,2649,91
605,605,2074,655,82,2204
1042,1042,1208,1633,2274,188
207,207,1093,1311,2007,1747
677,677,1959,1126,1057,451
1041,1041,2475,2510,2006,2696
2369,2369,2153,32,789,1838
996,163,1010,1321,2411,2493
1264,1367,1391,1925,1264,2402
2226,2226,600,1360,2346,1101
2660,2660,2311,1249,2328,2553
2269,2269,400,1074,1351,919
1635,313,1635,2524,703,1301
1084,1084,301,1455,839,1892
1510,163,1010,1321,2411,2493
158,493,158,1994,2495,724
2523,2724,2523,1569,2472,1135
1068,1068,1891,2640,1139,1067
1698,1698,15,1929,392,1016
1067,1067,796,1068,1808,1139
1157,1157,1783,986,1434,715
1104,1104,1273,2170,403,1201
2334,2334,18,748,2296,1193
1756,1756,156,109,1355,2222
2565,492,1321,2144,1915,2584
726,726,2348,297,33,1212
64,64,17,657,520,799
66,29,66,962,2174,1859
538,538,710,732,748,2685
65,65,2293,435,1842,2033
1373,1373,1085,1570,780,2644
1083,1083,2068,2710,2225,2421
477,865,477,2688,1364,1865
2690,2690,1737,209,729,2722
846,1750,257,638,1828,2
1444,1444,2189,434,1780,2067
1610,492,1321,2144,1915,2584
1609,295,1609,1475,1698,2686
586,1044,1893,586,1483,2330
1059,2657,1059,1016,2113,632
1503,1503,228,1496,389,1967
1502,1502,1620,1469,1621,1406
1667,2169,1667,247,1836,128
1105,2626,1105,1086,186,888
1106,1106,31,1601,1045,2381
441,934,441,1670,837,2178
1980,1980,419,612,525,1867
2029,2029,145,2619,1316,237
219,258,219,650,899,992
1447,1447,2068,81,2372,876
2707,2258,578,2707,1028,1948
1446,1028,988,1446,1213,1948
1506,1506,1843,2429,1274,1382
1507,1592,2548,619,1507,1193
807,807,1326,1899,885,170
2067,2067,1943,1972,548,1444
1318,1318,2701,251,2057,1694
1175,1175,552,610,10,783
1594,1594,2289,1940,1966,1732
1668,800,1333,1284,1668,177
2626,2626,1105,1086,186,888
1881,1881,446,621,307,1877
2627,705,2627,823,2731,822
2301,2301,2386,922,2583,1536
2338,2338,1105,2626,1177,2157
1741,1741,232,1791,1015,716
405,405,2317,901,966,1652
2467,2467,528,55,771,1226
2120,2120,1315,157,2559,452
2664,2664,1024,1626,1547,1382
1822,1822,131,166,644,1182
1429,201,1429,2306,1576,2544
1697,1697,251,2057,771,1172
2464,2464,301,554,220,2157
1719,1719,262,1347,16,692
1394,738,733,1394,562,2091
1729,1729,1660,2368,2629,302
2415,2536,2415,2659,1920,322
231,231,54,762,2091,1003
1126,1959,1126,1529,677,2205
2312,2312,324,1572,1288,596
808,740,111,808,669,1185
457,163,1010,1321,2411,2493
858,858,1082,110,1884,358
1401,1401,1617,1049,692,2068
2729,2729,1279,401,2124,580
2652,2652,2643,687,178,2661
1969,1969,2195,2705,1015,1875
1149,1149,1767,2505,588,1187
1487,1487,206,2261,1063,844
1378,2244,1378,1508,1948,1213
1258,1258,436,2670,1698,768
1864,1864,27,1024,2452,2664
1559,1559,347,1189,1944,402
2026,2026,2108,739,161,1664
616,2398,2647,1683,616,873
2583,2583,2608,467,1958,330
1237,1237,884,2711,755,945
2510,1812,2510,316,497,2721
1491,1491,2394,2367,2404,1063
1282,1282,2716,2000,1938,2120
2250,2250,190,1081,2523,2724
2670,2670,1258,768,436,392
942,163,1010,1321,2411,2493
1099,1099,2718,2298,2695,2330
129,129,1248,1191,2460,2208
128,128,1667,2169,12,2118
1017,1017,2641,1968,2119,1916
1613,1613,2480,15,1543,145
2439,2439,920,2455,1256,193
332,1133,2339,332,310,1069
2416,2416,1577,444,691,263
2504,2504,1706,1021,2465,1452
1066,1066,1898,1037,67,1575
2485,2310,2485,331,642,1973
691,691,1577,1402,2416,227
2656,2656,2628,557,135,138
2373,2373,1234,1482,633,2187
2649,2649,91,645,549,104
603,603,1596,2420,659,281
853,853,1784,1769,986,2126
709,709,2104,1079,1455,781
1956,1956,2126,866,532,853
1661,1661,503,569,1088,375
186,888,186,2422,2694,1684
871,871,2255,2169,551,1667
2447,2447,172,1826,1545,2709
140,140,1571,771,608,2193
2101,1004,2254,2101,79,2206
105,105,261,2500,912,221
289,289,2456,1345,742,1012
1965,1493,1965,2585,1479,857
919,919,511,1087,1764,184
2299,239,2299,856,758,171
2219,1787,2219,2194,406,2425
1739,238,1998,1289,1696,2592
2454,2454,816,509,957,74
2158,2158,143,2305,2563,2660
288,288,1970,2015,598,312
192,192,2459,709,2233,2152
1512,1512,612,1997,1867,803
185,185,2415,2536,917,1141
1314,1314,31,81,1452,1031
2333,2333,1393,2318,1618,941
548,1943,548,653,1780,1255
1649,1649,512,1563,1317,2172
248,248,355,1400,2417,856
222,222,1531,818,1630,1637
1809,1996,1809,213,2721,1353
2651,2651,2617,1620,1269,1063
626,626,1770,949,1214,2343
2572,492,1321,2144,1915,2584
2573,1354,2573,952,2341,2016
992,260,992,1090,277,2638
2212,2277,2212,640,2097,1324
2527,2527,1436,1348,1457,1449
1595,1595,1242,1450,2598,817
1165,1219,741,1165,631,1973
418,418,974,1516,2019,315
2536,2536,2415,2659,1920,322
1298,1298,205,229,567,1414
1299,1355,1299,109,1196,403
2200,163,1010,1321,2411,2493
2198,163,1010,1321,2411,2493
2199,2199,1574,595,112,312
1972,1972,2067,548,1943,2189
2605,2605,1243,1490,517,204
1241,1241,2287,2045,2706,1634
1326,1326,2044,807,132,459
2630,2630,452,266,1132,1806
212,212,2494,752,1715,2071
1520,1520,2050,1080,2463,2694
1521,1521,834,336,1079,2104
1522,1522,2132,326,1287,1036
1021,1021,2504,2362,397,694
2391,2391,301,1582,2471,2564
2081,2081,1863,1321,1896,2003
279,279,2005,333,608,547
1577,2416,1577,444,691,263
1528,1528,561,2070,60,329
2046,2046,1393,986,1632,1695
278,238,1998,1289,1696,2592
54,54,762,546,525,1551
2036,966,2036,1781,980,2317
1245,1245,388,2554,1230,571
48,48,1423,325,1983,282
62,62,564,2728,1567,804
2546,2546,357,1525,427,2650
13,13,1486,1865,1849,2622
1552,1552,84,674,629,2130
1553,362,1553,886,1250,688
1256,1256,40,0,1784,2455
1712,2060,1712,2160,2501,1615
2610,2610,734,1417,1026,2058
679,1976,2038,699,679,1873
2502,2502,2712,2568,5,1587
2228,2228,2329,2026,2108,80
2503,2503,1407,2103,1710,2009
2330,1044,1893,586,1483,2330
552,552,613,610,2213,10
2616,163,1010,1321,2411,2493
2327,2327,527,1311,415,383
271,271,1933,1107,488,2031
2328,2553,2328,1249,1320,2305
2329,2329,99,2228,1577,1402
659,659,281,1949,603,2540
859,531,859,61,2281,2495
2596,2596,2361,2648,1395,1824
254,254,1693,978,1581,1588
2549,2549,412,1387,1901,2455
1483,1044,1893,586,1483,2330
748,748,1217,1518,2334,18
1470,1470,896,1731,1197,5
1260,1101,1260,2226,233,2571
199,199,266,452,2630,1626
2386,2386,2301,931,2483,1274
878,878,2307,1274,731,548
1660,1729,1660,2368,2629,302
92,92,1111,2698,2064,2121
2134,408,2134,2574,1720,801
1127,1127,1384,1136,593,32
1128,1128,82,1473,2366,1368
1129,1129,1892,108,2279,1543
1130,1130,1546,1533,2442,1368
1191,1191,2084,595,814,1931
68,68,1297,923,1307,1885
230,1042,1208,1633,2274,188
111,740,111,808,669,1185
1364,1364,865,2688,477,505
214,214,1270,33,1232,726
1817,1817,444,103,1362,1832
439,439,818,384,856,222
2462,2462,1009,1539,2287,2477
2130,2130,365,699,679,1650
2456,289,2456,1345,742,1012
2242,1473,2242,2190,2366,2110
100,100,2716,625,2314,2677
169,169,668,803,1235,1509
2594,2594,2540,1826,277,37
2027,2027,338,1723,535,1429
847,847,1504,2086,2635,2226
270,163,1010,1321,2411,2493
73,73,1161,1255,434,1780
561,561,1736,770,1568,2480
269,915,1825,96,241,487
2600,730,2600,1036,1522,803
1471,1838,309,1964,1471,1273
297,297,1212,2079,726,1306
296,2433,1987,296,793,693
1320,1320,1869,1456,570,1249
1917,1917,2055,766,698,1392
32,2369,2153,32,789,1838
295,295,1609,1475,1698,2686
1862,965,2184,1405,1862,849
1069,1069,1133,788,332,1640
2287,2287,1241,1487,2261,2045
1148,1148,219,258,281,2594
2475,2475,384,2657,1059,1041
2474,2474,355,1711,2117,2662
2477,2477,864,2462,1972,1786
2473,2473,1721,1274,714,210
184,1764,184,1498,2277,2212
2472,1672,2472,2523,2724,1492
2476,2476,1409,653,2331,369
2696,2696,1353,213,1313,167
2490,2490,1481,2474,1226,2715
218,218,2238,315,1516,1604
1026,2058,1026,2372,876,2365
1768,1768,154,2084,2518,595
1877,1877,2713,2608,467,1547
636,636,93,1935,243,1250
370,370,217,471,708,513
914,163,1010,1321,2411,2493
6,6,980,966,2358,2036
913,913,1637,1968,1059,222
1205,1205,2124,1352,2644,736
1805,1134,1805,1112,1880,2132
1994,1994,493,158,1235,752
1200,1200,2357,2625,106,1055
1959,1959,1126,1529,677,2205
2697,1600,2697,1941,1254,1668
1772,1772,841,1587,2382,397
1604,1604,218,1212,1725,160
2203,2203,2624,2277,2564,1251
2206,79,2206,465,985,303
900,900,781,2231,2279,1225
1934,1934,1797,575,2295,1466
2438,2438,1544,418,603,2151
1144,1144,76,1044,1893,586
1274,1274,2378,714,548,878
1052,1052,2053,2699,719,1360
2110,1473,2242,2190,2366,2110
2361,2596,2361,2648,1395,1824
161,161,2570,1664,390,1839
1747,1747,467,608,799,1093
860,860,2604,161,427,1178
2478,2478,478,1957,2523,2501
1710,1710,1888,71,987,2503
1601,1045,701,1601,2381,849
1504,1504,2672,847,687,727
1492,1492,178,1561,1569,884
736,736,2560,1205,1297,1659
876,876,2372,1026,1388,1116
1030,2136,1030,1388,1777,876
578,2258,578,2707,1028,1948
2376,2376,968,881,763,2313
840,840,2387,113,2410,2100
696,696,1150,278,238,1696
2294,2294,957,2432,1239,1552
698,698,1392,403,762,54
1186,250,1186,1464,2292,2540
1187,1187,774,19,2116,1810
567,567,205,1336,1081,229
1022,1022,77,210,2002,747
1303,454,1303,2621,561,2455
2152,2152,192,1717,2459,2319
2146,2146,1020,1186,1117,1571
2148,2148,2636,2655,1120,1197
2147,2147,1109,2698,771,1111
697,697,629,478,2294,1552
1592,1592,2548,619,1507,1193
226,226,467,613,1132,1806
1464,250,1186,1464,2292,2540
1453,1453,2363,11,1803,922
1132,1132,1843,2630,452,226
2705,2195,2705,592,1940,991
1996,1996,1809,213,2721,1353
1112,1134,1805,1112,1880,2132
194,194,480,927,1215,2265
2070,2070,60,1275,1528,400
856,856,2299,239,248,2391
210,210,714,527,1093,1311
2318,2318,1618,1135,1393,1032
2609,2609,1023,495,191,1894
2279,2279,781,815,644,2231
1628,1628,21,1403,557,916
1081,1081,635,1393,1705,2279
2589,2687,1975,200,2589,14
318,318,2402,828,2586,2051
1064,1064,2377,461,1125,2511
1158,2426,1158,401,2496,580
195,1305,195,1138,300,1056
2365,2365,2058,1026,1417,1388
2364,2364,1352,481,779,215
2366,1473,2242,2190,2366,2110
261,261,2595,105,1184,1938
782,782,1430,714,1311,2437
986,986,853,1783,1157,1769
2114,2114,235,976,458,2700
1856,1856,1440,163,1411,2254
1840,1840,2075,900,1222,1485
1958,1958,2513,2583,2010,467
997,997,2709,722,315,543
2381,1045,701,1601,2381,849
187,187,2418,2184,965,1405
2383,2072,2383,372,1921,2076
2382,2382,1293,16,1772,1366
713,713,2514,1766,2432,1351
1815,2681,1815,1010,1576,941
1937,1937,1851,2435,599,1373
276,276,259,174,249,2601
334,2412,879,334,984,775
2300,2300,2453,2466,1738,1311
1816,1816,2062,2180,1548,982
1773,1773,912,2231,2658,1189
2319,2319,2459,1222,1641,975
1771,2399,1887,1002,1771,628
968,968,2376,1707,2186,2070
2509,2509,1135,1087,2463,818
2155,2155,1450,2598,791,1424
550,1342,2207,489,1480,1648
2265,2265,194,560,480,1215
756,163,1010,1321,2411,2493
1851,1851,1273,871,1937,780
1883,571,388,1230,1883,2554
2216,2216,135,1322,1150,1737
1288,1121,1288,342,1448,1947
70,70,938,2159,171,2510
2218,2218,1035,590,1515,283
943,943,1413,2321,2430,827
1921,1921,1920,2503,19,2072
2230,137,2230,39,2247,602
1244,1244,1236,617,236,2632
2442,1533,2442,1368,275,2002
1916,1916,2641,913,1637,1050
648,163,1010,1321,2411,2493
28,2083,28,2354,1902,1614
1232,1232,1497,726,214,1778
1292,1292,475,1607,1207,177
613,613,552,2213,10,226
2307,2307,878,1938,1843,1708
1811,1811,72,378,995,2303
572,572,2723,1312,425,1816
1207,1207,917,2671,1292,1927
614,614,2117,2662,1711,30
2465,2465,1637,913,2504,2362
615,615,536,840,518,195
2710,2710,1142,1546,2115,1083
2320,2320,2601,106,2357,1200
1930,836,2699,1930,1091,719
1869,1869,1597,1320,1808,1456
2717,2717,131,205,1298,229
2703,298,1821,2703,1328,165
673,1836,673,2366,2190,612
1910,1910,1866,216,2680,2040
2326,2326,1411,1513,1078,2090
680,680,1170,384,1118,1324
2191,1252,2191,1123,2503,420
837,934,441,1670,837,2178
2341,1354,2573,952,2341,2016
396,163,1010,1321,2411,2493
2620,1576,425,2620,2306,2544
399,399,1469,1323,1417,151
2262,2262,195,2050,2102,2246
1672,1672,2472,2523,2724,1492
1479,1479,284,1493,1965,2417
2394,1491,2394,2367,2404,1063
2628,2628,2656,45,1474,1645
780,780,939,2315,1975,1838
213,1996,1809,213,2721,1353
749,749,1899,1732,166,170
1466,1466,2261,1934,575,2295
1146,1146,1074,1391,1367,1925
2288,2288,790,537,337,539
1701,1701,2048,1308,1130,1050
740,740,111,808,669,1185
2403,665,176,2403,1974,2360
189,466,1758,189,2687,2589
423,423,2512,1933,350,1012
452,2630,452,266,1132,1806
1048,1048,1984,1673,2187,991
2535,1034,1823,2535,122,2329
2569,2569,1319,2644,2050,1681
1070,1070,1505,356,1973,741
1242,1242,2151,760,1595,588
302,2629,530,1690,2506,702
1587,1587,1314,1772,841,1031
2045,2045,2493,1703,920,1241
2560,2560,736,2050,693,1681
1615,2160,1615,1176,56,1569
244,244,416,316,497,982
2060,2060,1712,2160,2501,1615
1633,1042,1208,1633,2274,188
1096,163,1010,1321,2411,2493
798,2390,798,959,2013,2586
792,792,252,1016,632,1344
2544,1576,425,2620,2306,2544
372,2072,2383,372,1921,2076
857,857,467,2585,1430,1877
1529,1529,1959,1126,2678,26
1557,1557,2138,1160,673,1836
2305,2305,2328,1249,2553,2158
1707,1707,1995,968,704,1010
456,2727,2030,1259,1290,1194
714,714,1430,2378,1274,782
1769,1769,1951,853,595,326
906,906,611,1536,2301,1073
907,907,541,815,1501,2020
514,514,170,1203,1795,1208
2159,2159,171,70,497,316
1171,1143,2202,1171,1573,149
1342,1342,2207,489,1480,1648
124,163,1010,1321,2411,2493
2678,26,2678,137,717,1289
704,704,2232,2332,2642,217
1331,1750,257,638,1828,2
530,2629,530,1690,2506,702
1787,1787,2219,2194,406,2425
699,1976,2038,699,679,1873
2346,2346,1550,2226,2571,938
920,920,1833,2045,1154,482
1004,1004,2254,2101,79,2206
2167,2167,700,1263,306,341
1419,1419,1873,2038,1976,1332
717,238,1998,1289,1696,2592
2659,2659,2711,2442,1533,884
459,459,561,2122,1736,1568
461,461,1125,1248,1349,2377
2289,2289,1732,1594,788,1640
173,173,1621,1317,805,1543
172,172,787,974,2447,1516
167,1996,1809,213,2721,1353
165,298,1821,2703,1328,165
2646,2646,902,1639,617,1619
901,901,258,219,405,1011
891,891,828,1074,1709,1982
159,159,2293,620,435,1820
1733,1342,2207,489,1480,1648
833,833,1954,1580,2545,749
149,337,149,2182,539,1638
1388,1388,1777,876,259,2372
1384,1384,1127,593,651,2022
1156,934,441,1670,837,2178
1028,1028,988,1446,1213,1948
2135,2135,2557,594,2189,985
1968,2119,1968,2641,1637,913
1088,1088,1581,1693,254,978
2137,2137,316,1870,497,1892
364,2083,28,2354,1902,1614
468,468,618,2015,2197,49
2635,2086,2635,847,2218,2369
1854,1854,1971,1019,1914,2237
689,689,2644,2545,1415,2095
2278,2278,831,1569,1618,2657
348,348,2551,2365,2699,836
10,10,613,610,552,2213
671,671,682,1937,1227,163
2410,2410,1585,1340,2100,2286
2041,2041,820,738,733,1642
609,609,1077,2297,893,2541
1488,1488,2478,534,823,2421
52,52,1931,233,2460,2571
2096,2096,181,153,2194,1901
1338,1338,2042,2541,347,1864
887,887,286,367,395,1263
393,393,2085,2047,2682,2241
2533,2533,901,813,1172,607
2311,2311,903,2660,1452,435
994,994,417,2347,1830,558
2075,2075,1840,781,737,709
2083,2083,28,2354,1902,1614
392,392,1698,2686,1569,15
2486,515,2486,12,935,247
382,382,2360,1204,148,292
702,2629,530,1690,2506,702
1460,1460,1327,908,2714,659
791,791,1867,612,1997,1071
1439,1439,1201,472,409,1605
1459,1459,864,1841,1786,1738
1939,2575,1939,561,1736,2480
2506,2629,530,1690,2506,702
1396,492,1321,2144,1915,2584
1382,1382,1877,2713,2608,1806
1014,1634,1014,920,2450,1241
898,898,1387,1761,162,280
90,90,1649,2564,2196,2471
897,897,2567,1194,1290,456
425,1576,425,2620,2306,2544
1753,1753,2068,81,1401,2258
67,1898,1575,67,1051,1066
1134,1134,1805,1112,1880,2132
516,516,1742,422,889,1033
1486,1486,2118,2272,13,1581
2351,2351,1647,1003,2065,683
2310,2310,2485,331,642,1973
175,175,1776,926,2561,2415
1547,1547,1806,2630,1877,452
1426,1426,1845,1894,778,1784
1598,1598,2118,1964,339,481
1289,238,1998,1289,1696,2592
1879,1879,551,2380,2255,2435
1599,1599,2249,1009,0,1370
1880,1880,1805,1134,1112,1407
607,607,2282,786,1389,183
610,610,552,10,369,1175
1228,1228,1813,12,2259,24
1229,1229,2612,141,356,371
611,611,906,1073,1161,1337
1076,1076,1582,896,1218,1455
1276,868,1276,1762,319,1199
1629,1629,1392,698,2214,1339
2726,2726,2538,322,715,440
282,282,1423,325,2162,2686
1643,1643,2139,727,1900,2567
1597,1597,1869,2087,1082,1808
1868,1868,1841,2064,1760,92
1596,1596,825,603,2540,2431
638,1750,257,638,1828,2
354,354,1718,1924,1206,779
2378,2378,714,446,1274,621
805,1543,805,363,815,2285
1691,1691,146,208,71,2232
1544,1544,110,1082,1768,595
2317,2317,2036,966,405,2697
1659,1659,1130,1306,2225,222
1087,1087,2509,844,1967,1376
2275,1713,2275,953,274,1607
2276,1042,1208,1633,2274,188
2277,2277,2212,640,2097,1324
668,668,169,1509,1177,343
2051,1704,2051,2586,2033,1308
2405,2405,944,2167,2657,1059
570,1909,570,1047,1813,1320
810,810,1799,266,199,2142
205,567,205,1336,1081,229
2595,2595,27,2437,1184,2630
1543,1543,805,363,815,2285
2571,2571,52,1892,2022,2208
1825,915,1825,96,241,487
841,1772,841,1587,2382,397
2580,2580,2161,2203,2564,2212
783,783,1184,2437,1175,10
601,601,1428,1217,1518,1831
2443,2443,366,834,1350,1039
881,881,2376,2373,1707,2252
2524,313,1635,2524,703,1301
651,651,2222,590,2086,2635
2115,2115,2710,949,1770,1214
2354,2083,28,2354,1902,1614
1406,1461,1406,1952,403,790
1166,1166,683,1730,1792,2660
981,967,981,75,130,88
778,1894,778,2609,2645,1025
1118,1324,1118,429,2093,301
1117,1117,2146,1020,577,1152
1834,1834,639,2520,964,1434
2679,2679,643,977,2644,2321
1309,1309,982,2332,188,2276
1310,1310,1975,2687,2589,200
1307,923,1307,2730,416,1302
1308,1050,1308,2066,1916,1368
2687,2687,1975,200,2589,14
2488,2488,1211,1921,553,444
2526,2526,991,1008,2691,2195
1135,1135,2724,2278,2318,2509
2557,2557,414,2142,2135,2185
413,492,1321,2144,1915,2584
1077,1077,2272,1439,2305,1581
313,313,1635,2524,703,1301
2648,2596,2361,2648,1395,1824
1626,1626,199,1806,266,936
852,852,1845,1046,140,1889
1648,1342,2207,489,1480,1648
1983,1983,48,1239,2436,325
961,961,595,312,280,112
1967,1376,1967,2404,2463,1087
775,2263,775,404,984,2639
2532,2532,672,2551,1441,249
1151,877,1151,464,1369,1527
2400,3,2324,519,1040,2400
2531,492,1321,2144,1915,2584
2398,2398,2647,1683,616,873
2530,848,2530,946,1265,2706
2529,1342,2207,489,1480,1648
2528,2528,1490,867,422,1431
885,885,2332,2274,1042,2276
1662,1662,308,1408,1499,500
285,285,1671,572,1679,502
286,286,1735,108,2683,316
251,2057,251,2054,2121,2445
250,250,1186,1464,2292,2540
249,249,174,1225,1777,429
118,688,93,1935,243,118
2064,2064,92,37,277,1868
781,781,2231,1225,900,301
2640,2640,1375,1602,1068,2413
563,563,2035,2023,1407,2103
581,238,1998,1289,1696,2592
1173,492,1321,2144,1915,2584
1489,1489,494,835,1718,537
115,2092,115,1673,442,1227
1853,1853,1935,93,1250,243
1462,1462,1380,2370,1330,589
2708,163,1010,1321,2411,2493
2618,1219,741,1165,631,1973
1585,1585,2410,2286,2508,1775
1699,1699,529,1248,2568,964
349,349,1657,1472,602,576
350,2512,350,943,827,1162
1196,1355,1299,109,1196,403
1194,2727,2030,1259,1290,1194
2050,2050,1872,1520,33,2262
1193,1592,2548,619,1507,1193
2048,1701,2048,1308,1130,1050
1195,163,1010,1321,2411,2493
2049,164,78,63,1942,2049
574,163,1010,1321,2411,2493
575,294,575,2423,1934,84
576,576,127,1043,271,423
1208,1042,1208,1633,2274,188
1379,1379,2142,810,1799,414
1774,1774,1492,979,178,1297
1812,1812,2510,316,497,2721
1844,163,1010,1321,2411,2493
2547,2093,2547,829,2601,1118
1843,1843,467,1132,1430,2630
1842,1842,2033,1725,65,2495
1192,1192,1341,811,1502,2061
2188,2188,1746,575,294,25
547,547,1551,588,525,145
1767,1767,588,2259,24,2654
546,546,54,762,2197,768
1931,1931,1806,1547,634,1944
2429,2429,1843,1506,414,990
2682,2047,2682,2085,2140,2220
1953,1953,1537,259,1905,1191
2671,2671,1306,1130,1725,1842
770,1568,2122,1736,770,1001
2459,2459,192,151,734,1630
612,1997,612,1867,1160,1649
2160,2160,1615,1176,56,1569
2197,2197,585,2015,31,1452
2358,2358,1074,1435,828,1819
2389,2389,617,2663,2541,2646
664,664,1261,2411,2552,1500
710,710,2626,538,2667,1105
708,513,708,2503,669,419
1705,1705,635,2518,1081,1026
1944,1944,1931,2721,1996,213
1007,1007,2213,613,1806,307
107,107,1210,1561,1728,805
2215,2215,400,1089,1025,2070
1203,1203,1885,2722,514,979
628,628,877,176,1974,1151
1202,1202,1269,206,1063,2261
1204,1204,2368,382,2360,763
1176,2160,1615,1176,56,1569
826,826,2167,1263,2510,1812
1345,1345,1012,20,742,925
592,592,2705,2195,490,148
2292,2292,2349,1257,1186,1464
741,1219,741,1165,631,1973
1147,1147,197,597,2163,2344
2554,571,388,1230,1883,2554
123,123,706,537,401,580
360,360,2388,1279,428,2267
2360,382,2360,1204,148,292
1179,899,1179,2146,22,577
1188,1188,56,2112,1700,2306
2396,2396,1913,2331,1555,2161
750,750,789,1548,2362,2180
1230,571,388,1230,1883,2554
669,669,2018,1071,612,1208
2665,2665,320,490,1000,433
1907,1907,1748,2432,1267,2435
1416,163,1010,1321,2411,2493
1855,498,99,1855,1538,841
1407,2103,1407,1880,146,1176
2308,2308,1053,2668,1114,1389
2162,2162,2392,2686,282,2263
786,786,1389,962,950,1053
1008,1008,2691,2526,999,2423
2587,2587,2218,1035,600,720
2357,1200,2357,2625,106,1055
734,734,151,2302,2375,1469
850,850,1387,2601,961,2549
851,851,314,526,2416,1577
2608,2608,1877,2713,1359,2583
1311,1311,2327,782,210,1093
1102,1102,363,2231,108,347
2303,2017,211,2303,1314,1450
2322,1042,1208,1633,2274,188
2233,2233,192,2375,1871,911
203,203,432,1546,1627,1242
227,227,691,2052,1832,1362
1558,1558,1720,801,770,1324
479,479,2162,2375,2233,984
1238,1238,2630,452,1547,266
1562,1562,778,1392,1299,2013
463,463,89,1372,403,1474
464,464,1527,1897,320,148
1033,1033,785,928,1443,679
1034,1034,1823,2535,122,2329
764,764,624,74,338,533
356,356,469,1421,1070,1229
886,362,1553,886,1250,688
1493,1493,1965,2585,1479,857
1494,1494,1335,476,2655,1066
499,1679,499,909,1723,2723
498,498,99,1855,1538,841
1010,1010,2681,2463,1815,1735
1550,1550,233,938,1890,836
2375,2375,2058,151,734,1026
1330,1330,589,2256,757,1462
408,408,2134,2574,1720,801
571,571,388,1230,1883,2554
2493,2493,1901,2196,1154,2706
2411,2411,2069,2615,433,1019
1321,492,1321,2144,1915,2584
2204,2204,82,125,1455,605
2494,212,2494,752,1715,2071
835,835,2252,537,845,1489
1755,1755,1388,1777,777,1716
964,964,461,1605,1125,1248
1657,1657,349,663,2628,1472
1079,1079,2104,737,1469,709
2566,2566,2480,1303,2169,543
1658,1658,2450,920,63,1942
2613,2613,1625,1848,972,58
2614,2614,2365,174,249,2242
2615,2615,1984,2411,1673,2205
1674,492,1321,2144,1915,2584
2551,2551,1646,1388,1777,1116
1987,2433,1987,296,793,693
1986,1986,646,2636,2298,477
1985,1985,1205,1584,2644,1483
1498,1498,2097,2295,184,1764
1984,1984,2615,1539,1048,991
1119,1119,1182,644,2234,90
890,890,776,454,132,1303
762,54,762,546,525,1551
755,755,1237,1548,2180,1906
1465,1465,810,1799,266,199
2205,2205,1959,1126,115,2092
2385,2385,752,2494,1089,212
11,11,1453,1274,2521,1972
1797,1797,1934,1019,937,2295
1800,238,1998,1289,1696,2592
1799,810,1799,266,199,2142
1798,1798,228,1037,802,1376
50,163,1010,1321,2411,2493
2052,2052,227,459,132,1795
2673,2673,863,1696,1289,1739
2507,1224,2689,2507,2215,400
1445,1445,931,121,1943,548
828,828,891,2043,1623,2402
1381,1381,830,2404,1491,2394
959,2407,1167,819,959,859
1760,1760,1868,119,2064,1841
1367,1367,1391,1925,1264,2402
958,492,1321,2144,1915,2584
949,1214,949,1770,626,2115
956,1354,2573,952,2341,2016
946,946,1265,2394,1764,2404
947,947,1525,603,1090,2638
722,1385,722,2542,2709,1136
948,2083,28,2354,1902,1614
950,950,2505,1389,786,956
951,492,1321,2144,1915,2584
957,957,2294,1709,891,1831
952,1354,2573,952,2341,2016
953,953,2275,1713,445,81
955,955,444,1679,2415,499
954,492,1321,2144,1915,2584
1766,1766,545,713,1177,602
1513,1513,2326,2090,1541,366
1517,304,1517,712,770,1568
1516,974,315,1516,304,418
1515,1515,533,74,1437,1128
1514,1514,2110,2190,1473,2242
1519,1519,249,174,1356,900
281,659,281,1949,603,2540
1518,1518,1217,1367,1785,1391
916,2237,1914,916,1850,1332
433,433,592,2665,2195,2705
2174,1268,1859,2174,1689,1145
407,2639,407,2501,1569,540
723,723,888,1656,186,1319
2116,1810,2116,513,2598,1572
967,967,981,75,130,88
2014,2336,2014,1908,967,1987
2015,2015,2197,2087,98,525
2016,1354,2573,952,2341,2016
2017,2017,211,2303,1314,1450
2018,1240,2018,2268,2040,1649
2020,2020,429,781,276,644
2019,2019,2089,112,1390,139
2013,2013,1962,1052,2053,767
2426,2426,1158,401,2496,580
1125,461,1125,1248,1349,2377
1632,1632,2046,2355,1618,1068
2623,2623,306,1313,2375,1627
1055,1200,2357,2625,106,1055
1056,1138,1056,1476,493,2033
314,314,263,2094,2320,2059
1057,1057,677,18,2334,2205
1133,1133,2339,332,310,1069
1270,1270,214,297,834,341
2516,2516,1845,2241,2441,245
117,163,1010,1321,2411,2493
531,531,859,61,2281,2495
1415,1415,746,689,554,1502
362,362,1553,886,1250,688
2517,2517,1216,223,122,1653
204,204,2582,2223,1944,614
2515,2515,366,2064,1464,250
2519,2519,1087,1293,1243,789
2518,2518,2084,2559,1768,2113
447,447,2097,2163,2547,2093
443,443,1912,485,1656,430
445,445,1469,681,1247,151
449,163,1010,1321,2411,2493
448,448,907,999,541,1732
446,446,621,1877,2713,1881
444,444,2723,1577,2416,1817
1889,1889,2077,1786,1005,140
1074,1074,1982,891,1146,2358
81,81,681,1447,1314,1777
2641,2641,1968,1017,2119,1916
1704,1704,2051,2586,2033,1308
492,492,1321,2144,1915,2584
381,163,1010,1321,2411,2493
490,490,148,320,1000,1897
489,1342,2207,489,1480,1648
488,488,2031,1027,507,1061
963,963,290,978,1693,1581
379,753,765,379,1693,319
380,371,380,1229,460,1850
491,757,2256,1583,491,1584
486,960,2316,1377,486,2237
487,915,1825,96,241,487
466,466,1758,189,2687,2589
899,899,1179,2146,22,577
1835,492,1321,2144,1915,2584
1836,1836,673,2366,2190,612
1837,1837,222,2225,264,1659
478,478,1957,2478,629,1135
1838,1838,309,1964,1471,1273
884,945,884,2278,1492,1237
2688,865,477,2688,1364,1865
2085,2085,393,2682,2047,218
2086,2086,2635,847,2218,2369
2590,2590,2564,1079,1970,1455
794,794,911,718,1705,2518
793,2433,1987,296,793,693
1472,1472,423,349,2041,820
460,2602,1027,460,1961,685
201,201,1429,2306,1576,2544
202,1478,202,2657,1059,2495
2458,2458,1390,139,531,859
1268,1268,1859,2174,1689,1145
2371,2398,2647,1683,616,873
2127,2127,338,1983,368,1038
1210,107,1210,1561,1728,805
503,1661,503,569,1088,375
1032,1032,2113,162,2318,1258
1638,337,149,2182,539,1638
1639,902,1639,2646,717,1903
2054,2054,1161,1337,251,2057
1791,1791,1129,1063,206,2651
1885,1885,2160,1176,1615,979
494,494,1070,1489,1202,262
15,15,2692,1698,1929,758
933,933,761,2618,1165,631
1792,1688,1792,1730,2710,1277
1732,1732,56,1755,2071,2322
2271,2271,1487,2045,2287,2642
863,863,1403,2673,1628,21
237,237,2686,2009,1551,525
665,665,176,2403,1974,2360
1936,1936,2556,555,49,1323
310,310,1133,2059,1716,2339
818,818,384,1059,1324,2657
1073,1073,611,810,1799,1337
89,89,1853,702,136,1690
1865,1865,1849,1366,481,13
1866,1866,1910,45,1474,937
1137,1137,253,1619,2163,447
2082,2082,1336,1608,1465,1081
1222,1222,2421,1630,2068,2319
529,529,191,216,1784,2609
2280,2517,1216,223,122,1653
2437,2437,2595,1430,10,783
1964,1838,309,1964,1471,1273
1963,58,1963,637,51,1535
1641,1641,352,2319,159,1306
143,143,798,472,2390,2158
358,598,358,961,2087,1082
934,934,441,1670,837,2178
540,540,1325,675,470,1763
2661,2661,1890,982,1325,2643
1346,1346,1340,582,944,2495
2111,2111,2377,1731,934,837
1945,1945,283,2053,2377,1050
2178,934,441,1670,837,2178
2143,2143,821,487,241,690
1793,1793,351,1806,1007,1547
485,485,1912,411,1595,2165
2440,8,1578,2440,345,1
2441,2441,59,290,325,321
728,728,160,1136,2709,1765
1859,1268,1859,2174,1689,1145
866,866,2126,424,2208,2460
1360,1360,1952,1550,2342,790
2412,2412,879,334,984,775
1349,1349,1125,461,718,1989
1348,1348,2641,2119,1017,1968
1347,1347,1719,949,1770,1214
975,975,1606,1776,2048,1098
2108,2108,2026,398,2349,1464
1961,2602,1027,460,1961,685
156,1756,156,109,1355,2222
368,368,1038,474,727,1900
252,252,632,1016,1031,1698
1038,368,1038,474,727,1900
1037,1037,1066,1234,1798,1482
1650,1650,869,2130,1528,2575
2619,2619,656,15,2414,1609
1670,934,441,1670,837,2178
1995,1995,1707,1010,2173,1940
1686,2325,2448,910,2406,1686
385,385,1618,1032,1393,2543
2107,2107,311,1957,730,2294
2632,2632,1572,1236,42,1082
178,1492,178,1561,1569,884
341,341,1842,2033,1725,1671
1508,2244,1378,1508,1948,1213
2171,1354,2573,952,2341,2016
1714,1714,2599,1174,1793,614
1726,1726,1871,217,1585,2191
1108,1108,2493,2196,1901,1218
2106,2106,2217,122,1141,1292
2224,2224,114,2091,1588,1433
1586,1586,1598,870,256,1450
2356,163,1010,1321,2411,2493
2407,2407,1167,819,959,859
2406,2325,2448,910,2406,1686
2408,1675,2408,378,24,2259
2537,2537,1187,1534,1829,1397
721,721,2007,1979,2577,906
2347,994,417,2347,1830,558
2172,512,1563,2172,1417,402
551,551,2255,2427,1963,1535
1139,1139,1068,2511,1688,2671
2520,2520,639,1834,192,709
437,437,2077,1382,594,2664
744,744,1089,524,1855,99
627,627,867,1431,1716,561
2007,2007,2577,721,207,2558
324,324,317,372,2072,2383
2304,2304,1924,471,1206,2239
2268,1240,2018,2268,2040,1649
1312,1312,687,572,945,884
2446,2446,911,794,2641,2337
2612,141,2612,774,1474,1228
654,654,1906,2289,592,382
404,2263,775,404,984,2639
1408,1408,841,1049,692,1662
1058,1058,949,1214,1770,1820
2102,2246,2102,2027,1679,499
2631,2631,1523,628,1203,1297
2701,2701,2054,1318,517,1882
559,559,1418,2059,2712,2320
1252,1252,2191,1123,2503,420
1251,2624,1251,597,512,1563
1250,688,93,1935,243,118
1249,2553,2328,1249,1320,2305
1248,1248,129,461,1125,595
1246,1342,2207,489,1480,1648
1253,1253,1560,2407,1964,819
1247,1247,1970,445,430,1858
562,562,2065,2123,773,733
1405,965,2184,1405,1862,849
323,323,767,2167,2066,1672
760,760,1242,1424,2693,1046
322,322,1922,989,2536,2726
1646,1646,2551,1388,1777,1116
321,321,2686,1235,1100,145
1495,198,1495,1305,1113,2413
966,966,2036,1781,980,2317
625,625,415,527,100,2327
39,137,2230,39,2247,602
935,935,1228,2486,515,1802
2190,1473,2242,2190,2366,2110
2125,2125,1049,692,2340,378
1716,777,1716,1996,213,982
1715,1715,212,2494,1815,2681
1845,1845,2516,1426,656,1100
1948,1028,988,1446,1213,1948
1949,1949,787,659,281,374
1950,1950,1763,470,540,1325
594,594,2490,1481,621,446
2093,2093,2547,829,2601,1118
347,347,541,1189,2344,1559
1895,1895,2418,1060,1116,2163
1896,492,1321,2144,1915,2584
1894,1894,778,2609,2645,1025
1898,1898,1575,67,1051,1066
1049,1049,692,1719,1401,397
1897,490,148,320,1000,1897
1051,1898,1575,67,1051,1066
1050,1050,1308,2066,1916,1368
790,790,1360,1406,1461,2643
1523,1523,2501,407,2639,979
1848,58,1963,637,51,1535
1637,913,1637,1968,1059,222
1827,1827,186,888,2694,668
1110,1110,907,735,1502,2037
2514,2514,400,2215,713,1950
2513,2513,1958,595,1582,1191
153,153,2377,2096,1201,2355
715,715,2538,2669,1783,1157
1849,1865,1849,1366,481,13
120,120,1437,2012,680,970
1272,1272,1122,794,2307,2391
2508,2508,2286,1775,886,362
1136,1136,722,2204,1385,82
2684,2684,1926,1977,1785,308
2284,1354,2573,952,2341,2016
2283,163,1010,1321,2411,2493
2282,2282,1062,2233,607,1131
2281,2281,2471,2564,2079,859
2297,2297,850,898,1387,280
355,355,2474,2630,452,2120
45,1474,45,1866,702,530
2675,2675,273,2512,350,2578
43,43,2262,2672,1918,214
44,44,925,742,1345,1012
672,2532,672,2551,1441,249
681,681,81,1485,445,1469
1335,1335,1966,376,1494,1283
2650,2650,588,926,145,427
1993,1993,2248,340,959,1167
42,42,2568,598,358,419
275,1533,2442,1368,275,2002
1329,1369,1329,1897,1000,148
274,274,1607,2671,1366,1167
1131,1131,2585,610,2166,857
2211,2211,1086,1183,2159,2422
475,475,256,917,1021,1515
1484,1484,1120,1270,1489,705
1971,1971,1854,1673,2092,2615
170,170,749,188,2274,1042
1603,1603,267,176,2403,1974
2088,2088,492,954,473,2144
293,293,543,2487,2494,212
896,896,1076,2073,1582,1470
388,571,388,1230,1883,2554
387,387,2677,1255,872,2577
2567,2567,335,2337,1643,948
1350,1350,2062,2226,1128,938
1020,2146,1020,1186,1117,1571
2009,2009,2132,178,1492,208
1174,1174,614,2054,2008,1714
941,941,1135,1700,1576,2112
1819,1819,1962,1982,1286,61
2706,2706,2493,2530,848,1241
2313,2313,398,2108,2376,2499
16,16,1485,1170,1719,2382
523,523,1054,1589,1120,2711
520,520,1007,2213,116,1626
521,521,653,548,731,2185
522,522,1039,826,1676,2443
524,524,744,1942,164,63
221,221,1537,1773,2231,436
60,2070,60,1275,1528,400
2482,2498,2482,2494,212,587
1306,1306,297,1271,1659,822
1101,1101,1260,2226,233,2571
1100,1100,321,1390,247,139
1645,1645,641,602,1628,1403
1644,1644,1534,1762,2224,868
1607,274,1607,2671,1366,1167
789,750,789,1548,2362,2180
1060,1060,2113,2163,1895,1059
2053,1052,2053,2699,719,1360
1920,1920,2009,926,1627,1546
1919,1919,1210,107,1204,156
690,915,1825,96,241,487
1814,8,1578,2440,345,1
58,58,1963,637,51,1535
2419,1858,2419,110,1574,1314
53,1750,257,638,1828,2
1075,1075,672,1709,2532,662
343,343,2395,2480,2374,15
2552,2552,2482,2498,2069,2424
838,838,299,193,564,1402
432,432,747,2692,700,1968
1124,1124,868,1762,1276,319
976,976,181,2470,361,843
2388,2388,360,2444,894,1185
353,353,803,2009,817,237
37,277,37,2594,1111,2206
1555,1555,216,2396,2133,656
1554,1554,2582,1189,1929,1944
2553,2553,2328,1249,1320,2305
38,38,2170,1612,386,1189
2037,2037,1710,525,1551,1579
845,57,845,1556,2530,848
2392,2392,1475,2686,2162,1929
2393,2393,164,78,542,2049
848,848,2530,946,1265,2706
1424,1424,588,547,279,2650
1909,1909,570,1047,1813,1320
849,1045,701,1601,2381,849
2128,2128,1161,2386,906,1536
307,307,2213,1881,1711,2117
1600,1600,2697,1941,1254,1668
2586,1704,2051,2586,2033,1308
338,338,803,724,1904,1509
2267,2267,1728,1543,805,1102
777,777,1716,1996,213,982
1116,1116,2372,876,2551,1198
431,431,2069,2063,519,3
435,435,2293,65,295,1609
1913,1913,1566,2331,2396,2417
977,977,1684,90,764,1105
2718,1099,2718,2298,2695,2330
1875,1875,2231,2534,1102,2500
1098,1098,1909,975,570,1751
395,395,2489,887,2452,436
2092,2092,115,1673,442,1227
24,24,2654,2259,570,995
394,313,1635,2524,703,1301
1457,1449,1457,2119,1968,1604
389,389,795,1033,1224,519
29,29,66,962,2174,1859
1876,2629,530,1690,2506,702
2380,2380,1879,551,2613,1625
811,811,895,2061,336,2348
812,812,193,40,2186,235
1456,1456,1320,1316,1248,1544
2719,2719,11,1379,355,2363
35,35,1852,403,1201,1448
1111,2698,1111,2189,517,2457
1526,1526,2725,1631,1199,937
822,822,1212,1306,9,1604
2074,605,2074,655,82,2204
2072,2072,2383,372,1921,2076
2540,2540,787,1596,366,250
1537,1537,221,1953,1359,1773
2065,2065,2091,562,2604,2353
1461,1461,1406,1952,403,790
2374,2374,517,1024,686,2701
2674,238,1998,1289,1696,2592
301,301,363,781,1566,1892
211,2017,211,2303,1314,1450
903,903,1452,2015,2419,1858
2349,2349,2000,1664,739,2292
200,2687,1975,200,2589,14
183,183,17,2595,27,2591
182,182,2578,1742,863,889
181,181,993,2096,1556,265
180,180,2067,2599,1382,446
179,179,971,1061,451,1057
989,989,322,154,1922,2536
2348,2348,726,1623,1086,439
937,937,1866,1797,592,2195
1727,1727,2680,788,1852,1594
2686,2686,295,392,145,1609
2692,2692,2084,15,758,632
2335,2335,1940,1307,923,1369
146,146,2103,2018,1080,1407
1742,1742,674,84,1576,2544
1009,1009,2462,2095,2545,1202
2343,2343,626,2344,652,2624
1940,1940,1302,2705,2730,1594
1941,1790,1941,361,1304,843
144,144,2732,290,683,352
1748,1748,1907,2127,97,2029
923,923,1307,2730,416,1302
142,142,931,2161,997,2422
1754,1754,1630,2475,1237,913
139,139,1390,98,2019,2458
2666,2083,28,2354,1902,1614
1951,1951,595,2455,1784,1769
1738,1738,2300,1459,2466,901
1806,1547,1806,2630,1877,452
215,215,1577,1352,939,1810
2000,2000,1799,30,810,2349
2588,2588,447,1982,1408,2097
1608,1608,1799,1695,810,528
926,926,237,2650,19,175
292,292,1712,2060,1443,1123
855,163,1010,1321,2411,2493
939,780,939,2315,1975,1838
290,290,2441,2732,144,963
2022,2022,662,1225,2008,672
1625,2613,1625,1848,972,58
46,46,153,2491,2637,2355
2021,2021,1517,304,712,2709
47,1750,257,638,1828,2
49,49,369,428,468,1936
2699,836,2699,1930,1091,719
1630,1630,737,222,1531,1754
1818,1818,1299,1355,751,1196
57,57,845,1556,2530,848
1678,1678,1332,699,679,365
1676,1676,54,762,1743,546
2693,2693,1311,465,1525,760
1671,1671,2099,998,1778,306
1808,1808,1869,317,1597,1320
2012,1437,2012,2590,1515,1970
1839,1839,2714,1115,161,390
2293,435,2293,65,295,1609
247,247,2686,98,12,525
874,874,2642,1240,2268,2018
1421,469,1960,1421,2259,2654
2363,2363,414,1453,1803,1400
867,867,1431,2059,561,801
865,865,477,2688,1364,1865
245,245,1399,2441,2514,2516
2129,2129,2220,474,1704,727
451,451,442,2143,677,1002
1418,1418,2320,2712,2248,559
1262,1262,2424,2497,2552,925
2489,2489,395,197,1258,282
634,634,2117,1566,2662,1711
508,508,1514,618,2157,74
505,505,2091,1804,1595,1364
1190,1190,2126,1660,1729,685
2495,2495,202,1478,218,1842
500,500,1722,129,1911,461
2153,2369,2153,32,789,1838
2163,2163,1060,2097,818,2113
686,686,307,1226,2715,1881
1374,1374,699,679,2038,1332
2435,2435,1879,871,1162,827
662,2022,662,1225,2008,672
2434,163,1010,1321,2411,2493
733,738,733,1394,562,2091
482,1833,482,1154,412,2493
2433,2433,1987,296,793,693
738,738,733,1394,562,2091
747,747,1968,432,2119,1022
683,683,1917,1588,2732,796
656,656,2414,2619,2240,1761
1390,139,1390,98,2019,2458
2213,2213,613,307,1547,1806
1417,1417,2172,1469,512,2365
595,595,1191,2513,1951,961
2395,2395,2557,2000,930,2028
2453,2453,383,1591,2300,1115
564,564,263,63,78,1752
1178,1178,1706,2118,1452,2180
618,618,98,468,1609,295
2480,2480,1613,561,1612,686
536,536,1154,615,1746,1833
2232,2232,704,2642,1240,2018
2179,2179,1981,1397,760,2155
1317,1317,805,1543,402,173
1319,1319,102,2569,723,186
2487,2487,1759,1746,2186,293
1269,1269,1202,1966,206,2261
1325,540,1325,675,470,1763
1172,1172,1697,1318,2147,1109
712,304,1517,712,770,1568
1164,1164,555,2556,1316,2484
1275,1275,712,561,304,1517
537,537,706,123,2288,1691
2421,2421,1222,2068,1447,681
1351,1351,713,343,2269,2480
2422,2422,186,2709,1086,888
1619,1619,2525,377,1137,253
1620,1620,1621,1966,1502,2651
1621,1621,1620,173,497,316
1622,1622,1840,2209,924,906
1623,1623,2348,2238,1904,2495
2384,163,1010,1321,2411,2493
1385,1385,722,2542,2709,1136
1527,464,1527,1897,320,148
862,492,1321,2144,1915,2584
2196,1901,2196,2493,90,412
1113,1375,1113,2413,2415,1138
1664,1664,739,1181,2349,383
1234,1482,1234,1241,228,759
788,788,1640,1069,2141,2289
797,797,1646,582,2008,2532
430,430,246,1247,1450,2598
765,753,765,379,1693,319
265,2083,28,2354,1902,1614
2350,2350,1731,1847,1751,2087
41,41,282,1047,1808,926
1454,1454,716,1163,2078,2040
815,815,2231,805,1543,2279
743,743,1006,918,2179,2631
924,924,2187,906,1129,1336
980,6,980,966,2358,2036
1702,1702,1721,196,1972,731
1005,1005,1255,1979,1780,434
1611,163,1010,1321,2411,2493
1612,1612,1881,2331,1566,686
17,17,183,64,799,2595
1651,1651,1432,651,2697,754
1652,1652,905,1860,1054,2453
888,888,186,2422,2694,1684
1663,1663,1496,830,38,2670
894,894,2388,1899,2542,1046
1677,1677,375,137,39,2230
565,565,706,123,1252,2191
2634,2634,740,808,111,563
2716,2716,434,1255,630,1780
74,74,533,1904,2110,408
384,384,818,2475,1059,1118
1870,1870,2658,2137,220,554
390,390,2185,1525,1839,2314
2296,1592,2548,619,1507,1193
658,658,1142,1930,1358,483
2133,2133,424,1543,1613,805
1918,1918,1691,2503,2167,306
809,809,1160,1846,2138,310
1852,1852,35,399,1947,676
2208,2208,2460,1198,2414,701
320,490,148,320,1000,1897
687,687,2652,1312,1816,572
2352,2352,2255,551,2059,2094
325,325,282,48,59,1423
326,326,1522,190,145,2132
327,327,2125,1499,715,2575
1359,1359,2608,108,2231,912
2302,2302,151,734,1469,2375
398,398,2108,2313,2467,927
1006,1006,405,743,901,2317
910,2325,2448,910,2406,1686
674,84,674,2060,1576,2544
1720,1558,1720,801,770,1324
637,58,1963,637,51,1535
676,1448,676,1023,495,109
675,540,1325,675,470,1763
1731,1731,1082,2350,110,256
1254,1153,1254,1818,1562,1600
1386,492,1321,2144,1915,2584
1636,1636,1950,1763,2514,1025
403,403,525,2576,1406,1461
1730,1688,1792,1730,2710,1277
1371,2039,1371,2550,113,388
2173,2173,1995,2287,2642,191
1858,1858,2419,110,1574,1314
1482,1482,1234,1241,228,759
2332,2332,885,1309,704,982
2247,137,2230,39,2247,602
2042,2042,4,2664,885,695
1796,1796,2669,1717,590,509
554,554,1870,1183,2658,220
2399,2399,1887,1002,1771,628
132,132,561,885,1963,637
982,982,2510,1812,2138,1716
1549,642,1549,1499,2309,1402
127,576,127,1043,271,423
438,163,1010,1321,2411,2493
378,378,1675,72,211,2408
1560,1253,1560,2407,1964,819
535,535,1723,909,1576,2112
377,377,1619,2640,1476,1056
639,639,2520,1834,308,1713
801,1558,1720,801,770,1324
1616,1616,2193,1458,2145,783
1337,1337,2715,2054,1226,611
414,414,2557,2028,2142,1843
1770,1214,949,1770,626,2115
806,806,13,844,579,1870
544,492,1321,2144,1915,2584
944,944,635,568,2372,876
493,493,158,1994,2495,724
1380,1380,1395,586,2330,1044
2575,2575,1939,561,1736,2480
869,869,1650,2130,2575,2368
2577,2577,875,2007,2677,414
1182,1182,1119,644,90,2028
193,193,1658,314,299,2186
412,2549,412,1387,1901,2455
666,666,2186,1593,2450,2333
1752,1752,795,564,2255,551
1989,1989,2483,1582,1349,2513
1391,1367,1391,1925,1264,2402
2643,2643,2661,2652,790,982
103,103,1429,201,1817,1700
1536,1536,906,611,2301,1073
369,369,610,2331,10,49
2370,2370,1589,1095,523,1092
366,366,566,2540,1721,1596
1370,1370,833,1009,1954,1580
1548,2180,1548,867,755,1055
357,357,1920,2546,796,2413
1682,1682,587,2071,2289,973
197,197,1778,1147,597,2163
931,931,1445,2386,142,1274
166,166,749,2071,1410,1732
2469,2469,2193,2500,857,2301
104,2645,104,645,549,470
102,102,1319,1681,684,2044
1943,1943,548,653,1780,1255
635,635,1081,1225,1705,781
2444,2444,885,2023,2332,2368
59,59,325,2441,282,48
410,410,157,1315,2559,2010
895,895,811,904,726,2302
1265,946,1265,2394,1764,2404
2132,2132,2686,1569,1805,1112
928,1033,785,928,1443,679
929,238,1998,1289,1696,2592
1141,1141,1927,2413,1207,185
1890,1890,2409,1283,1812,2510
580,580,401,2729,706,123
678,678,2229,2672,2035,1312
2414,2414,2208,2460,656,15
1273,1273,1551,2169,1667,525
2657,2657,1059,1016,2113,632
421,421,1423,2624,1649,1251
2239,2239,1206,207,1622,2252
2331,2331,2010,1881,653,369
2109,2109,340,2712,1218,1901
1830,994,417,2347,1830,558
1343,1343,81,1544,445,2438
1283,2409,1283,316,497,640
455,455,2723,551,2112,945
1476,1138,1056,1476,493,2033
1478,1478,202,2657,1059,2495
1477,1477,658,1962,2260,1378
1475,1475,1929,930,1609,295
1473,1473,2242,2190,2366,2110
1474,1474,45,1866,702,530
2113,2113,1618,1060,2657,2601
2470,2470,976,472,59,409
2164,2164,1551,12,903,525
1563,512,1563,2172,1417,402
1564,163,1010,1321,2411,2493
1565,1565,2165,411,2598,2654
1566,1566,621,446,301,634
1567,1567,155,2728,2569,800
2165,1565,2165,411,2598,2654
1568,1568,2122,1736,770,1001
825,825,1596,1571,603,2540
1357,1357,1054,2636,534,1306
619,1592,2548,619,1507,1193
1581,254,1693,978,1581,1588
228,228,1265,1376,1967,946
1324,1324,1118,429,2093,301
1323,1323,399,1469,2302,1936
2243,1285,2243,2626,1177,240
2324,3,2324,519,1040,2400
661,661,1888,292,56,2162
844,844,1087,2137,1129,1063
2231,2231,781,363,815,1359
2325,2325,2448,910,2406,1686
2323,2323,135,2665,1369,1329
2430,943,1413,2321,2430,827
1821,298,1821,2703,1328,165
1872,1872,195,1305,2050,297
813,813,1882,22,2701,258
2711,2711,1237,2659,2375,724
1115,1115,1839,1094,1090,2638
397,397,2625,106,1314,1055
640,640,2409,1283,2137,2212
61,531,859,61,2281,2495
151,734,151,2302,2375,1469
2372,876,2372,1026,1388,1116
2579,2579,7,1630,912,2319
1751,1751,1847,1278,1776,1706
802,802,1040,2400,519,3
1449,1449,1457,2119,1968,1604
1923,1654,507,1923,2131,1991
155,1567,155,2728,2569,800
1145,1268,1859,2174,1689,1145
2387,2387,113,2286,1305,518
2728,1567,155,2728,2569,800
2097,2097,2093,2547,2163,1498
2099,2099,998,1671,2442,1533
2098,163,1010,1321,2411,2493
2100,2100,2410,1038,368,420
2644,2644,689,2679,1205,2569
1617,1617,2532,672,1401,249
2189,1444,2189,434,1780,2067
1759,1759,1746,2487,2609,276
141,141,2612,774,1474,1228
352,352,1641,975,2732,2158
525,525,1551,547,2015,247
1952,1952,1360,2576,1406,1461
496,504,1468,496,2492,2315
2138,2138,1160,809,982,938
2139,2139,335,1643,1853,2263
1355,1355,1299,109,1196,403
1569,1569,2006,190,392,1016
774,774,12,2612,1187,141
2220,2129,2220,474,1704,727
988,1028,988,1446,1213,1948
376,376,1335,267,1966,1500
1018,2629,530,1690,2506,702
1675,1675,2408,378,24,2259
130,967,981,75,130,88
2424,1262,2424,2497,2552,925
769,1342,2207,489,1480,1648
225,313,1635,2524,703,1301
1365,1750,257,638,1828,2
411,1565,2165,411,2598,2654
880,880,656,233,2460,2208
670,163,1010,1321,2411,2493
719,836,2699,1930,1091,719
1267,1267,84,674,425,2620
1015,1015,2500,1905,815,2231
328,328,1932,2476,1555,2133
1780,1255,1780,434,2716,1943
978,254,1693,978,1581,1588
1721,1721,731,2473,366,2521
2260,2260,778,2649,1477,1894
2259,24,2654,2259,570,995
1181,1181,1664,739,30,383
1383,1383,329,1836,549,2645
2033,1842,2033,1725,65,2495
2556,2556,555,1936,2576,1047
232,232,173,716,287,1741
555,2556,555,1936,2576,1047
746,746,1557,2169,1667,2428
1217,1518,1217,1367,1785,1391
1216,2517,1216,223,122,1653
1215,1215,194,1861,2210,480
1214,1214,949,1770,626,2115
911,911,2446,794,2641,1308
1213,1028,988,1446,1213,1948
1634,1634,1014,920,2450,1241
14,2687,1975,200,2589,14
1696,238,1998,1289,1696,2592
2367,1491,2394,2367,2404,1063
519,3,2324,519,1040,2400
1180,1180,506,640,1183,2606
1828,1750,257,638,1828,2
154,154,1768,1112,1805,1561
1546,1627,1546,2419,2710,1130
63,164,78,63,1942,2049
1666,1666,1838,1471,309,1964
2379,2379,2042,2282,1571,1856
1224,1224,2689,2507,2215,400
763,763,1204,1033,928,785
2244,2244,1378,1508,1948,1213
495,1023,495,1133,280,332
1233,1750,257,638,1828,2
1414,1414,84,674,1466,1267
83,83,1300,1644,1737,751
1468,504,1468,496,2492,2315
727,474,727,1900,368,1050
2548,1592,2548,619,1507,1193
1790,1790,1941,361,1304,843
1003,1003,231,2065,2351,145
1261,1261,1500,2482,2498,2025
2263,2263,775,404,984,2639
819,2407,1167,819,959,859
2511,2511,2637,1990,573,998
346,346,187,732,386,52
2095,2095,1063,206,2232,643
442,442,1573,115,1143,2092
692,1049,692,1719,1401,397
990,990,152,2429,633,121
1016,1016,632,2692,876,2372
1313,1313,2696,31,85,2623
2432,2432,1267,713,2294,1907
510,510,2689,2507,1224,1146
462,163,1010,1321,2411,2493
1906,1906,1313,2611,1755,755
1905,1905,2500,815,259,1015
2700,2700,480,875,1215,1062
2436,2436,305,745,1497,1423
294,294,575,2423,1934,84
1764,1764,184,1498,2277,2212
450,994,417,2347,1830,558
2156,2156,1719,2382,1408,2105
842,842,2494,212,524,1715
2273,2273,2513,829,961,2087
2272,2272,1602,1486,126,2350
1899,1899,749,1732,229,885
1728,1728,1210,107,2267,1561
517,517,2599,1481,2701,2490
1255,1255,1780,434,2716,1943
1395,1395,2361,2596,1380,2648
2639,2639,407,2501,1569,540
267,267,2141,2289,1527,464
1206,1206,2239,1231,354,1622
1448,1448,676,1023,495,109
642,642,1549,1499,2309,1402
434,1255,1780,434,2716,1943
2353,2353,908,501,1743,947
2712,2712,1293,340,2093,2547
196,196,1511,714,2557,521
2056,2056,33,1138,1056,1509
2227,163,1010,1321,2411,2493
2068,2068,2421,1447,1083,1116
1874,1750,257,638,1828,2
705,705,2627,823,2731,822
106,1200,2357,2625,106,1055
1354,1354,2573,952,2341,2016
1794,163,1010,1321,2411,2493
1183,1183,2137,554,497,1870
1927,1141,1927,2413,1207,185
1926,2684,1926,1977,1785,308
1925,1367,1391,1925,1264,2402
602,602,1645,1766,39,2230
1689,1268,1859,2174,1689,1145
1688,1688,1792,1730,2710,1277
1690,2629,530,1690,2506,702
1687,163,1010,1321,2411,2493
234,1354,2573,952,2341,2016
1212,1212,297,1604,822,731
400,2215,400,1089,1025,2070
2225,2225,1531,252,2421,681
402,402,316,829,363,497
2698,2698,1111,2189,517,2457
1850,2237,1914,916,1850,1332
1861,1861,2210,1215,226,2117
401,580,401,2729,706,123
742,1345,1012,20,742,925
1860,1860,905,1652,2453,1606
533,74,533,1904,2110,408
1886,1886,2362,2136,737,1030
707,707,95,1626,2608,2583
1887,2399,1887,1002,1771,628
2702,163,1010,1321,2411,2493
528,55,528,1608,2715,1226
695,695,608,2664,1046,2445
1109,2147,1109,2698,771,1111
936,936,1626,266,1806,1547
2119,2119,1968,2641,1637,913
2118,2118,1751,1178,128,175
1776,1776,1847,975,1751,175
2448,2325,2448,910,2406,1686
2073,2073,900,301,1582,2653
85,85,31,1313,1809,2721
2638,2638,1090,1186,281,250
532,532,351,1955,2466,1956
527,527,2327,383,210,625
1922,1922,2659,322,154,1968
1412,163,1010,1321,2411,2493
344,344,753,379,765,1762
1576,1576,425,2620,2306,2544
1159,163,1010,1321,2411,2493
2451,268,2451,2289,530,1018
2450,2450,2186,1658,1934,519
2449,2449,1104,1339,1273,1201
2597,1592,2548,619,1507,1193
2721,1996,1809,213,2721,1353
2122,1568,2122,1736,770,1001
2237,2237,1914,916,1850,1332
1161,1161,2054,611,1337,2057
2236,163,1010,1321,2411,2493
2235,2235,1628,1403,21,1593
2606,2606,1347,262,1180,2409
694,694,750,1021,789,1832
1499,1499,327,1662,2308,824
643,643,1080,1240,90,2493
93,688,93,1935,243,118
758,758,2692,363,2285,436
1239,1239,1983,48,730,2600
273,273,2578,943,1570,1413
917,917,1130,1207,185,475
171,171,2159,108,239,2299
752,752,2385,1089,2494,212
542,542,2393,1942,63,2049
1281,1281,1831,891,1209,2402
940,940,272,1240,471,2168
839,839,1084,1801,1293,301
330,330,2583,2608,2290,1938
1072,1072,587,1682,1033,928
2539,2539,946,1265,1419,1307
497,316,497,2658,108,1812
94,94,2545,1795,833,217
706,123,706,537,401,580
299,299,193,2393,838,1402
2087,2087,2015,598,358,2273
1168,1342,2207,489,1480,1648
1960,469,1960,1421,2259,2654
2149,492,1321,2144,1915,2584
75,967,981,75,130,88
2063,2063,2211,1995,206,1063
1011,1011,2308,1053,2217,2668
904,904,2157,1437,2012,895
1606,1606,975,1591,1776,2563
1278,1278,1847,1751,2590,1706
1197,1197,481,1470,2655,246
1409,1409,2542,618,2486,515
1277,1277,1792,1688,1730,2710
834,834,1521,2079,1263,242
1223,1223,1881,653,2608,446
1539,1539,1482,1984,511,2462
646,1986,646,2636,2298,477
1430,1430,782,714,1843,2437
121,121,1274,1943,548,878
902,902,1639,2646,717,1903
145,145,2686,15,392,1613
424,424,1543,805,363,815
2555,492,1321,2144,1915,2584
1452,1452,2197,1706,903,1314
2668,2308,1053,2668,1114,1389
2730,2730,1302,1317,2394,1491
2667,2667,1087,1243,1105,744
2732,144,2732,290,683,352
283,1945,283,2053,2377,1050
2731,2731,1922,1080,471,1872
1578,8,1578,2440,345,1
4,4,2000,2054,1294,2664
558,994,417,2347,1830,558
557,557,136,2629,530,2656
1871,1871,700,306,2233,233
1085,1373,1085,1570,780,2644
20,1345,1012,20,742,925
2534,2534,1041,758,108,1735
2221,2221,1116,734,1026,2610
1435,1435,533,61,1086,859
2154,2154,1064,1231,2194,2111
1436,1436,2527,839,1084,1801
585,585,2197,15,2414,1613
1437,1437,2012,2590,1515,1970
1438,163,1010,1321,2411,2493
374,374,30,787,2559,1132
2568,2568,340,2168,1970,2502
2576,2576,2240,1316,1952,2015
2157,2157,554,2464,220,508
266,199,266,452,2630,1626
303,985,303,1400,622,2417
304,304,1517,712,770,1568
306,306,700,1778,938,1671
577,577,1152,1117,1179,899
305,305,171,2299,239,2436
983,983,758,1122,1198,2299
1711,2662,2117,1711,1315,307
984,2263,775,404,984,2639
2463,2463,2509,1967,1376,830
2481,2481,371,960,2316,2512
134,134,909,158,535,493
133,133,827,2430,943,1413
137,137,2230,39,2247,602
138,138,1550,1962,938,233
1387,850,1387,2601,961,2549
2264,2264,52,1359,2608,2290
135,135,2656,2323,2216,2628
1788,1788,1261,906,907,1336
136,2629,530,1690,2506,702
761,933,761,2618,1165,631
509,509,934,2454,1796,1035
737,737,1630,429,1485,2104
1627,1627,1546,2419,2710,1130
312,112,2089,312,961,938
1824,1824,1865,1352,2364,1849
2321,943,1413,2321,2430,827
1681,1681,2569,2688,865,1824
2460,2208,2460,1198,2414,701
1538,1538,647,1855,99,498
518,518,25,2387,113,2355
2006,2006,1569,1041,632,1016
1700,1576,425,2620,2306,2544
1631,1631,1199,1276,319,1762
1665,163,1010,1321,2411,2493
1924,1924,354,779,484,915
2124,2124,2729,779,1397,1205
122,2517,1216,223,122,1653
84,84,674,2060,1576,2544
236,236,1244,2141,1603,788
624,764,624,74,338,533
591,591,1650,691,327,763
768,768,2670,1258,1317,1087
1802,1802,2612,935,141,2031
55,55,528,1608,2715,1226
973,973,2532,672,1682,587
2145,2145,1132,2559,266,199
2210,1861,2210,1215,226,2117
56,56,1176,1888,1732,1615
1718,1718,354,537,401,580
962,1268,1859,2174,1689,1145
1614,2083,28,2354,1902,1614
114,114,2660,2224,367,570
339,339,1731,1602,1598,1082
1097,1097,1758,189,466,2150
703,313,1635,2524,703,1301
556,556,2525,1605,2047,1439
1655,2398,2647,1683,616,873
2617,2617,2651,644,737,755
300,300,1305,195,1476,1679
1458,1458,2005,657,1571,1616
930,930,1475,1929,1609,295
2345,2345,1455,192,709,1084
2248,1993,2248,340,959,1167
1162,943,1413,2321,2430,827
502,502,2633,2062,939,2315
700,700,2692,1871,2119,1561
541,541,347,912,1359,1773
257,1750,257,638,1828,2
2355,2355,2511,153,474,25
2004,163,1010,1321,2411,2493
2005,2005,608,279,1458,2431
1946,1946,1019,2130,991,2613
2077,2077,1889,437,1786,140
711,711,447,221,2273,829
1947,1947,1121,1288,1910,1852
91,2649,91,645,549,104
458,458,2568,1218,529,42
429,429,781,2020,249,1118
428,428,49,239,171,2299
2585,2585,857,1493,1965,226
2008,2008,662,2022,1225,1174
2285,2285,758,1543,190,805
22,22,899,1179,739,927
23,163,1010,1321,2411,2493
21,1628,21,1403,557,916
1779,163,1010,1321,2411,2493
1226,2715,1226,2117,1711,1799
1227,1227,1480,486,1573,1733
1225,1225,635,781,249,2122
1781,1781,864,966,511,2036
2629,2629,530,1690,2506,702
718,718,1291,1349,880,794
416,416,244,1317,1307,923
277,277,37,2594,1111,2206
1138,1138,1056,1476,493,2033
33,33,214,726,2050,2056
1316,1316,656,2576,2619,2414
560,560,2265,1711,2117,2662
553,553,2488,1921,563,1397
2723,2723,2544,2112,1576,2620
1044,1044,1893,586,1483,2330
2722,2722,1203,2472,1672,1885
2724,2724,2523,1569,2472,1135
1413,943,1413,2321,2430,827
987,987,1710,71,1888,2503
1556,57,845,1556,2530,848
2428,2428,2169,1557,1406,1461
1605,1605,964,556,461,1999
5,5,340,1366,2502,2712
2170,2170,1104,1950,1763,2180
2169,2169,1667,247,1836,128
2071,2071,1188,1732,637,587
875,875,2577,467,2290,621
1535,58,1963,637,51,1535
745,745,775,984,2263,404
1392,698,1392,403,762,54
2002,2002,2442,275,1533,1368
2001,2001,2521,2000,1608,1073
2003,492,1321,2144,1915,2584
1019,1019,1625,1797,991,2613
814,814,1103,1191,2122,1568
882,882,2665,2360,382,2440
1878,1878,568,582,1870,944
1040,3,2324,519,1040,2400
1039,1039,522,2443,1676,1425
534,534,1423,2214,208,1917
773,773,2217,1765,562,2106
922,922,2301,611,1073,1453
1071,1071,791,669,874,2276
772,163,1010,1321,2411,2493
771,771,140,2467,1005,1697
622,622,1226,608,1294,2142
1220,1220,1680,740,111,808
2501,2639,407,2501,1569,540
803,803,979,1344,2132,1512
1031,1031,1353,1809,252,2721
800,800,1333,1284,1668,177
1103,1103,814,770,1736,2122
647,647,884,945,2472,1135
1455,1455,1076,2391,709,1084
406,406,2425,994,417,2347
2266,2266,409,191,1852,2568
1511,1511,355,196,2378,621
481,481,1197,430,246,993
1841,1841,1444,2189,2677,277
2677,2677,434,872,1780,1255
1327,1460,1327,908,2714,659
1328,298,1821,2703,1328,165
2059,2059,310,2601,1618,2549
2024,1750,257,638,1828,2
2025,2025,1261,134,636,1097
767,767,323,1106,2013,849
483,483,2624,1251,476,1214
2023,2023,563,2035,2103,1407
220,220,1870,1118,1324,1189
177,177,1167,728,819,1435
2043,2043,2238,828,794,218
465,465,1400,79,1257,2206
1750,1750,257,638,1828,2
176,665,176,2403,1974,2360
1801,1801,839,1892,1084,1263
2445,2445,630,1780,787,251
1737,1737,1171,1153,2202,2201
2642,2642,2232,1846,874,809
2561,2561,175,19,955,926
2562,163,1010,1321,2411,2493
2563,2563,2158,1606,1098,143
644,644,2279,429,815,781
2184,965,2184,1405,1862,849
2483,2483,1989,1938,2301,2386
2183,163,1010,1321,2411,2493
2182,337,149,2182,539,1638
2181,2181,1789,168,2645,1512
2180,2180,1548,867,755,1055
1001,1568,2122,1736,770,1001
1002,2399,1887,1002,1771,628
1810,1810,2116,513,2598,1572
1315,157,1315,2120,2662,1711
1218,1218,1076,1582,2196,1455
1693,254,1693,978,1581,1588
1692,1592,2548,619,1507,1193
2240,2240,1761,98,656,836
1423,1423,282,2263,48,404
2420,2420,603,2431,1596,1181
1441,1441,672,2532,662,174
2621,454,1303,2621,561,2455
31,85,31,1313,1809,2721
82,2204,82,125,1455,605
2223,2223,801,304,204,712
2161,2161,2580,856,2391,142
1243,1243,2605,1087,1105,1781
732,732,2580,386,640,2159
2246,2246,2102,2027,1679,499
2377,2377,461,1064,2511,1125
351,351,1793,1626,95,528
2543,2543,944,385,1895,1060
566,566,366,2521,614,2540
1284,800,1333,1284,1668,177
655,605,2074,655,82,2204
1427,1342,2207,489,1480,1648
2591,2591,1184,261,2557,266
361,1790,1941,361,1304,843
1053,2308,1053,2668,1114,1389
150,163,1010,1321,2411,2493
2359,492,1321,2144,1915,2584
1708,1708,1843,2307,1132,467
2681,2681,1815,1010,1576,941
77,77,1022,655,605,2074
1888,1888,56,1710,2160,178
1467,1467,390,2326,161,1411
2558,2558,2007,707,2583,922
1957,478,1957,2478,629,1135
2633,502,2633,2062,939,2315
889,889,273,2316,486,1377
739,1664,739,1181,2349,383
757,757,2256,1583,491,1584
2069,2069,2324,2400,519,2411
1369,1369,1329,1897,1000,148
30,30,2521,614,374,2000
363,363,758,108,2231,1543
1929,1929,1475,1698,1189,15
1497,1497,1232,2436,197,1778
1046,1046,608,2542,791,695
336,336,1521,834,811,1232
2222,2222,156,1756,2354,651
1736,1568,2122,1736,770,1001
298,298,1821,2703,1328,165
484,484,1372,1924,1047,41
2168,2168,2568,1970,2079,1820
308,308,2669,1662,639,1977
693,693,2270,198,2262,2560
284,284,1479,1493,116,1965
1410,1410,1429,166,201,170
472,472,143,426,1392,2470
95,95,2193,707,1695,1626
1501,1501,907,1102,221,815
1743,1743,1024,10,657,2005
2689,1224,2689,2507,2215,400
2166,2166,1430,782,1131,714
2662,2662,2117,1711,1315,307
474,474,727,1900,368,1050
96,915,1825,96,241,487
1236,1236,2632,1244,1655,2284
1440,1440,1856,657,2234,333
471,471,370,704,2731,1240
470,540,1325,675,470,1763
391,391,1135,1465,2000,1490
76,76,1037,1539,1144,2063
97,97,362,1553,0,886
1305,1305,195,1138,300,1056
2047,2047,2682,2085,2140,2220
34,34,1721,2473,2663,1591
473,492,1321,2144,1915,2584
1078,1078,2185,1411,390,1221
1263,1263,497,316,1801,1621
1170,1170,1324,680,1118,1356
40,1256,40,0,1784,2455
945,945,884,2278,1492,1237
1177,1177,1285,2243,1766,2169
1290,2727,2030,1259,1290,1194
108,108,497,316,1892,363
999,999,830,2006,146,563
2123,2123,562,2065,773,2217
1065,1065,86,18,646,1986
329,329,2184,1764,675,965
383,383,527,1664,739,810
1080,1080,146,1723,909,535
2431,2431,1547,2290,1806,2713
2654,24,2654,2259,570,995
2031,488,2031,1027,507,1061
1294,1294,622,2715,1226,608
1295,1295,2251,1187,1829,1762
1296,1296,841,1772,69,1418
1297,1297,68,1774,1203,2124
1293,1293,839,2712,2079,2382
1679,1679,499,909,1723,2723
1680,1680,1512,1220,1804,1285
817,817,1656,1980,353,419
1551,525,1551,547,2015,247
2683,2683,1735,108,286,1812
233,233,1550,880,52,2571
8,8,1578,2440,345,1
998,2099,998,1671,2442,1533
539,337,149,2182,539,1638
1375,1375,1113,2413,2415,1138
877,877,1151,464,1369,1527
766,766,2055,1917,1461,1406
2636,2636,976,2105,1849,1357
2637,2637,2511,998,1990,2099
663,663,1879,1140,1419,554
870,870,1586,1194,1290,1259
836,836,2699,1930,1091,719
1199,1631,1199,1276,319,1762
1140,1140,1341,663,795,1150
938,938,1812,2510,1160,1550
2336,2336,2014,1908,967,1987
995,995,2259,24,2654,2408
969,2083,28,2354,1902,1614
1155,1155,1561,432,1083,866
2315,780,939,2315,1975,1838
1893,1044,1893,586,1483,2330
2253,2253,2265,194,1840,560
629,629,1957,478,1552,697
754,754,1651,1319,2678,1432
599,599,1937,921,1398,2537
600,600,2226,2346,1360,1350
753,753,765,379,1693,319
993,993,2590,90,481,181
974,974,315,1516,304,418
820,2041,820,738,733,1642
2401,492,1321,2144,1915,2584
645,2645,104,645,549,470
1169,1169,409,1741,484,1910
751,751,403,1818,468,525
1366,1366,1820,1306,5,2382
1211,1211,2488,2060,592,1712
1694,1694,1882,1318,37,277
125,2204,82,125,1455,605
126,126,2272,2640,385,175
1653,2517,1216,223,122,1653
1647,1647,2351,1003,2505,2650
157,157,1315,2120,2662,1711
1618,1618,1393,2113,2278,831
2030,2727,2030,1259,1290,1194
1981,1397,1981,2179,2116,1810
1602,1602,339,2640,2272,893
2624,2624,1251,597,512,1563
1209,1209,944,2657,1059,439
256,256,655,2074,1731,605
2602,2602,1027,460,1961,685
268,268,2451,2289,530,1018
280,280,961,597,836,719
2062,2062,1350,1816,1557,2633
2066,2066,573,1990,879,2412
2625,1200,2357,2625,106,1055
2676,313,1635,2524,703,1301
101,101,165,1821,1328,2703
99,498,99,1855,1538,841
1892,1892,108,301,1129,2137
1903,238,1998,1289,1696,2592
1891,1891,1434,1068,556,989
1882,1882,2701,1694,2054,1318
1914,2237,1914,916,1850,1332
1915,492,1321,2144,1915,2584
12,12,247,1287,515,774
1829,1534,1829,2091,1295,2537
1807,1807,1974,176,665,2403
25,25,2355,417,2347,2286
26,26,2678,137,717,1289
36,36,1235,2263,775,984
1785,2684,1926,1977,1785,308
1782,1782,43,1987,296,2433
69,69,397,106,1200,1314
1749,1749,863,2237,916,1914
1962,1962,138,2019,1930,2699
1966,1966,1283,1620,2409,2661
1734,1734,978,1581,254,1693
1534,1534,1829,2091,1295,2537
2076,2076,1920,1036,2710,411
1580,1580,833,1160,2138,1846
2084,2084,2692,1191,758,15
2538,2726,2538,322,715,440
420,420,1123,2191,1252,563
1389,786,1389,962,950,1053
440,440,2538,2726,1717,322
2512,2512,350,943,827,1162
1339,1339,2449,1088,472,1629
506,506,2209,2097,640,1180
2491,2491,410,850,2002,998
515,515,2486,12,935,247
2192,2192,1908,113,2387,2441
1291,1291,2022,662,718,1225
1285,1285,2243,2626,1177,240
2207,1342,2207,489,1480,1648
1280,1280,1579,868,1762,319
2471,2564,2471,1118,1563,2391
2541,2541,4,2059,1490,1399
2126,2126,866,853,91,1190
426,426,472,143,698,1104
345,8,1578,2440,345,1
1509,1509,338,158,1623,493
2574,408,2134,2574,1720,801
317,317,1808,324,1869,19
2570,2570,161,686,1024,630
2094,2094,314,2352,310,1042
319,868,1276,1762,319,1199
335,335,2139,1196,1299,2567
337,337,149,2182,539,1638
2550,2039,1371,2550,113,388
2112,1576,425,2620,2306,2544
915,915,1825,96,241,487
1433,313,1635,2524,703,1301
2725,2725,2478,1526,1199,1631
1786,1786,1444,2189,1889,1005
2337,2337,2567,283,1945,2297
2362,2362,106,2625,1200,2357
504,504,1468,496,2492,2315
224,492,1321,2144,1915,2584
1404,163,1010,1321,2411,2493
623,623,961,1134,1805,1112
1393,1393,1618,2084,2333,190
1999,1999,160,315,82,974
1361,163,1010,1321,2411,2493
1422,2397,1422,279,1062,369
1703,1703,2045,2463,2493,1080
1336,1336,1081,2279,567,205
1746,1746,2188,788,1640,587
779,779,246,430,2364,1352
2270,693,2270,198,2262,2560
19,19,926,1187,1921,2561
2582,2582,1554,204,1399,2458
759,759,1967,272,1376,2045
1902,2083,28,2354,1902,1614
110,110,1082,598,358,1544
584,1268,1859,2174,1689,1145
583,1750,257,638,1828,2
569,492,1321,2144,1915,2584
109,1355,1299,109,1196,403
2622,2622,13,620,159,2214
18,2334,18,748,2296,1193
2598,1450,2598,1858,430,1980
2694,2694,888,186,1803,856
198,198,1495,1305,1113,2413
650,650,219,258,2466,899
799,799,1626,266,1806,1547
1900,474,727,1900,368,1050
1259,2727,2030,1259,1290,1194
2034,163,1010,1321,2411,2493
1584,757,2256,1583,491,1584
2150,2150,2549,412,920,1097
1813,1813,1761,2240,658,570
1583,757,2256,1583,491,1584
2151,2151,588,1450,1242,2598
972,58,1963,637,51,1535
2028,2028,414,2557,2142,1465
1998,238,1998,1289,1696,2592
1997,1997,612,1867,1160,1649
621,446,621,1877,2713,1881
608,608,1626,226,622,2005
1353,1996,1809,213,2721,1353
409,409,2266,191,698,1392
1685,492,1321,2144,1915,2584
1240,1240,2018,2268,2040,1649
188,1042,1208,1633,2274,188
787,787,614,548,374,1943
1525,1525,947,1311,2292,603
2455,2455,1951,2621,454,412
2241,2241,2441,2085,2516,2395
206,1063,206,2367,2095,2394
2521,2521,30,566,2000,614
287,287,2500,232,1620,173
2522,2522,2569,1539,1496,2644
453,453,2010,2558,2007,625
2057,2057,251,2054,2121,2445
2058,2058,1026,2372,876,2365
2011,163,1010,1321,2411,2493
545,545,1766,2169,2432,1667
971,971,2284,1354,2573,2016
667,667,354,940,1594,2484
804,804,62,1362,1832,2329
1334,1334,1593,971,344,666
1908,1908,144,2732,2192,2336
2295,2295,332,1133,2339,1498
2140,2140,2682,2047,2641,2085
2141,2141,1640,788,267,1069
2142,2142,810,1379,414,1799
365,1976,2038,699,679,1873
507,1654,507,1923,2131,1991
970,970,2685,509,1214,2012
2418,2418,672,187,2532,1895
1184,1184,2595,452,2213,2591
2542,2542,722,1385,239,595
1873,1976,2038,699,679,1873
1322,1150,1322,696,1341,2216
1150,1150,1322,696,1341,2216
1588,1588,2259,24,2654,698
264,264,1084,424,1939,16
2713,1877,2713,2608,467,1547
1201,1201,1439,1104,153,898
1724,1724,1457,1449,747,635
1725,1842,2033,1725,65,2495
1723,535,1723,909,1576,2112
2306,1576,425,2620,2306,2544
2425,406,2425,994,417,2347
1045,1045,701,1601,2381,849
71,71,1710,151,734,208
1757,1757,2524,313,2676,1635
258,258,219,650,899,992
1979,1979,1005,414,2307,1780
1642,1642,1486,2251,1295,2535
311,311,1141,2107,1927,1054
701,1045,701,1601,2381,849
2402,318,2402,828,2586,2051
1266,2727,2030,1259,1290,1194
174,249,174,1225,1777,429
2117,2662,2117,1711,1315,307
2177,2177,1999,1327,1460,1605
1740,1740,174,249,2418,1103
2291,2291,1088,75,967,88
1063,1063,206,2367,2095,2394
1974,665,176,2403,1974,2360
1975,2687,1975,200,2589,14
1976,1976,2038,699,679,1873
1977,2684,1926,1977,1785,308
1376,1376,1967,2404,2463,1087
1024,1024,2664,27,2213,686
316,316,497,2658,108,1812
2309,2309,1928,642,1549,1669
1012,1345,1012,20,742,925
1013,1013,1864,1500,2289,2665
1505,1505,1070,1267,2561,1552
2545,2545,2232,1954,244,2159
1669,1669,2209,1084,184,604
1358,1358,2381,701,1601,1045
1332,1976,2038,699,679,1873
932,932,204,2362,2605,2599
2195,2195,2705,592,1940,991
1496,1496,1503,2522,228,2519
912,912,1189,1773,541,1359
1524,1592,2548,619,1507,1193
1904,1904,1478,1344,202,74
1561,1561,190,1492,1210,178
892,892,2067,119,1327,659
309,1838,309,1964,1471,1273
593,593,1384,1127,651,894
217,217,370,704,2332,1726
1480,1342,2207,489,1480,1648
795,795,1752,389,2170,2514
1722,1722,500,2073,747,1544
1744,337,149,2182,539,1638
2709,2709,1516,2238,1385,2021
1928,1928,2309,1549,642,2209
872,872,2677,2577,1780,387
873,2398,2647,1683,616,873
2340,2340,329,2130,2125,1356
1978,1978,114,2158,2177,854
879,2412,879,334,984,775
925,44,925,742,1345,1012
1356,1356,1519,1558,1031,1720
1847,1751,1847,1278,1776,1706
1344,1344,1904,803,2299,632
2193,2193,95,608,1616,140
2599,2599,2474,614,1826,1714
2727,2727,2030,1259,1290,1194
1545,1545,2447,2698,1111,240
1287,1287,12,1867,1522,1997
422,422,1490,2528,51,1963
1982,1982,1862,965,2223,2184
359,359,1683,873,1655,753
688,688,93,1935,243,118
1450,1450,2598,1858,430,1980
2040,2040,2018,1240,2268,1910
1107,1107,877,1151,271,2665
596,596,2602,1961,460,685
331,2310,2485,331,642,1973
2417,2417,2474,1479,303,1826
1082,110,1082,598,358,1544
1025,1025,540,675,470,1325
2298,2298,1099,2676,2718,1986
191,191,529,2609,2266,597
1640,788,1640,1069,2141,2289
367,367,2660,1952,2311,2553
1061,1061,488,2031,1991,1802
1029,1029,1824,458,2045,1451
1991,1654,507,1923,2131,1991
2466,2466,2101,1094,1004,2254
1481,2490,1481,2474,1226,2715
1857,1857,2142,1608,2145,810
2136,2136,1030,1388,1777,876
1333,800,1333,1284,1668,177
1428,1428,601,1925,1391,1264
1570,943,1413,2321,2430,827
371,371,380,1229,460,1850
1121,1121,1288,342,1448,1947
1120,1120,523,1357,2148,1484
1123,1252,2191,1123,2503,420
1122,1122,758,1198,983,1272
2423,2423,575,294,2163,1498
1469,1469,1417,151,734,399
112,112,2089,312,961,938
2214,2214,534,1917,282,2622
1167,2407,1167,819,959,859
2479,2479,2540,172,825,1445
2078,2078,1880,1846,716,385
2080,2080,1211,1261,1552,1946
2079,2079,297,2168,2281,834
1695,1695,1608,2120,1938,1799
1221,1221,731,878,2185,1078
1397,1397,1981,2179,2116,1810
652,652,2344,187,2277,2212
868,868,1276,1762,319,1199
1398,1398,921,2118,599,1394
2715,2715,1226,2117,1711,1799
2714,2714,1839,10,560,1591
724,724,202,2132,2278,831
436,436,1258,1735,15,758
1235,1235,2724,321,2132,2523
684,684,102,1932,1044,705
960,960,2316,1377,486,2237
685,2602,1027,460,1961,685
1411,1411,465,2326,1078,1004
1143,1143,2202,1171,1573,149
784,784,796,2383,372,2072
1142,1142,2412,334,879,658
785,1033,785,928,1443,679
909,535,1723,909,1576,2112
1530,1530,656,1813,613,2414
908,908,1460,2353,1327,992
1795,1795,2332,1728,217,2052
1935,688,93,1935,243,118
1531,1531,222,2225,758,818
1532,1028,988,1446,1213,1948
1533,1533,2442,1368,275,2002
1656,1656,817,208,416,173
1846,1846,809,2642,2078,2232
2581,163,1010,1321,2411,2493
152,152,990,146,272,2285
1582,1582,2513,1076,2391,2010
1803,1803,1444,2189,2457,2429
1804,1804,1680,1933,505,1287
588,588,547,1424,2650,2151
526,526,1309,1063,206,1535
1589,1589,523,2448,1745,2325
1154,1833,482,1154,412,2493
1152,577,1152,1117,1179,899
1683,2398,2647,1683,616,873
1153,1153,1254,1818,1562,1600
1624,1342,2207,489,1480,1648
606,163,1010,1321,2411,2493
2720,2720,146,2040,716,1454
229,229,1081,1899,1188,205
239,239,2299,856,758,171
240,240,2709,888,1545,186
241,915,1825,96,241,487
243,688,93,1935,243,118
238,238,1998,1289,1696,2592
242,242,834,340,1470,2712
2647,2398,2647,1683,616,873
985,985,303,1400,622,2417
1500,1500,56,2289,1261,1712
1490,2528,1490,867,422,1431
209,209,2387,113,2262,2690
2339,1133,2339,332,310,1069
2413,1375,1113,2413,2415,1138
1352,2364,1352,481,779,215
630,630,2716,2445,434,622
2390,2390,798,959,2013,2586
1271,1271,1306,822,1659,2281
2564,2564,2471,1118,1563,2391
843,1790,1941,361,1304,843
2104,1079,2104,737,1469,709
2409,2409,1283,316,497,640
1185,1185,808,111,740,885
2611,2611,1030,1755,1906,2136
148,490,148,320,1000,1897
2202,1143,2202,1171,1573,149
1425,1425,790,1562,1039,2643
86,86,991,2526,2309,1798
2484,2484,399,2556,555,883
1784,1784,1951,495,853,1023
340,340,2568,2712,2109,2248
1231,1231,2154,1206,2194,1783
147,147,307,2595,2213,2437
918,918,1887,2016,2171,743
816,816,658,2454,1142,1813
2461,915,1825,96,241,487
1219,1219,741,1165,631,1973
979,979,1569,803,1885,392
1114,1114,1053,2668,2308,1499
2704,163,1010,1321,2411,2493
653,653,521,548,1943,1223
2044,2044,1326,1376,888,1967
2316,960,2316,1377,486,2237
375,375,1628,1403,21,1374
641,641,2497,1645,2498,2482
2468,2468,1059,2657,2475,2113
1451,1451,993,643,1108,57
2234,2234,333,309,2567,1471
1820,1820,1247,2168,1058,1366
2185,2185,2557,521,731,1221
1590,1590,511,421,191,2626
1000,490,148,320,1000,1897
333,333,279,2005,2577,622
2186,2186,2450,666,2070,193
2505,2505,868,1276,950,1762
1062,1062,2431,10,226,2005
2187,2187,924,2373,2530,848
2500,2500,1015,287,1905,815
2499,2499,2108,2052,1326,2313
2497,2497,2498,2482,641,1628
883,883,2168,2015,555,435
2498,2498,2482,2494,212,587
1867,1997,612,1867,1160,1649
864,864,1786,1459,1781,1444
823,823,620,2546,1488,534
2397,2397,1422,279,1062,369
543,543,293,2057,251,2566
1761,2240,1761,98,656,836
1762,868,1276,1762,319,1199
1763,1950,1763,470,540,1325
131,131,2279,1822,2500,611
1400,1400,2142,465,2457,985
1591,1591,783,2714,2453,1606
1431,867,1431,2059,561,801
1432,1432,2682,2047,1651,2043
1027,2602,1027,460,1961,685
716,716,1454,392,999,232
2344,2344,347,2696,2409,1283
1301,313,1635,2524,703,1301
2055,766,2055,1917,1461,1406
427,427,2604,2650,620,860
2559,2559,2120,1132,157,1315
27,27,2595,1024,266,199
1300,83,1300,1644,1737,751
342,342,1288,1121,1947,676
1735,1735,436,108,758,2683
1789,2181,1789,168,2645,1512
965,965,2184,1405,1862,849
2194,2194,2096,1787,2219,1231
927,927,528,55,194,1226
1286,1286,718,974,1516,315
2061,2061,811,1232,1497,2489
2663,2663,1117,2558,1616,2292
2039,2039,1371,2550,113,388
682,671,682,1937,1227,163
2645,2645,104,645,549,470
1783,1157,1783,986,1434,715
2314,2314,390,2292,1525,100
2672,2672,1504,678,338,214
821,821,1463,1638,539,149
2261,2261,1202,1466,1498,2423
164,164,78,63,1942,2049
454,454,1303,2621,561,2455
2245,2245,721,1260,1101,333
720,720,2587,187,1740,2362
51,58,1963,637,51,1535
2252,2252,835,537,704,471
417,994,417,2347,1830,558
469,469,1960,1421,2259,2654
1863,1863,2081,2593,2175,1946
2655,2655,476,1197,924,640
7,7,1485,541,680,681
501,501,947,2353,260,992
1420,1750,257,638,1828,2
2121,2121,251,2057,2054,2445
1304,1790,1941,361,1304,843
1884,1884,858,1125,461,500
1832,1362,1832,694,2416,1817
263,263,51,1535,314,972
2404,1491,2394,2367,2404,1063
991,991,2705,2195,946,1019
1573,1143,2202,1171,1573,149
1572,1572,1810,2116,2632,110
1574,1574,2419,1858,2199,1082
1575,1898,1575,67,1051,1066
1571,1571,140,825,1458,2146
160,160,1999,974,2204,1516
1717,1717,440,1796,203,1348
1054,1054,796,2413,1652,2732
2457,2457,1400,1803,1257,1111
620,620,159,2650,427,2546
386,386,1870,640,2658,2344
246,430,246,1247,1450,2598
262,262,1719,506,640,16
1160,2138,1160,809,982,938
2578,2578,273,2027,338,909
735,735,2484,2489,1501,1988
2217,773,2217,1765,562,2106
2010,2010,2331,1958,410,1582
1086,1086,2281,2348,2422,2626
1363,1363,1359,2231,108,1620
291,291,1221,1697,1005,2677
1765,1765,728,2217,1292,773
1593,1593,666,2373,2235,0
1654,1654,507,1923,2131,1991
590,590,1136,1035,651,2218
2091,2091,2065,231,1534,1829
2089,112,2089,312,961,938
2090,2090,1078,1513,1411,2326
373,492,1321,2144,1915,2584
2584,492,1321,2144,1915,2584
2105,2105,2156,1366,1058,1926
1831,1831,957,1281,1209,687
2144,492,1321,2144,1915,2584
2032,2032,715,1233,1874,2603
1399,1399,2582,660,1554,2528
582,582,1878,797,672,2532
1955,1955,116,351,532,1172
587,1682,587,2071,2289,973
208,208,2009,1531,151,734
1938,1938,2120,1695,2307,261
2695,2695,2361,2596,2648,753
1673,1673,1971,486,115,960
1442,492,1321,2144,1915,2584
1036,1036,775,404,1522,1142
1035,2218,1035,590,1515,283
1443,1443,84,674,292,2723
260,260,992,1090,277,2638
119,119,73,892,1841,992
272,272,2268,2018,1240,759
827,943,1413,2321,2430,827
633,633,434,1255,990,1780
2653,2653,2073,424,2575,1939
1942,164,78,63,1942,2049
1377,960,2316,1377,486,2237
190,190,2285,2692,1561,1569
893,893,1068,1434,1602,910
1542,1542,1220,1100,1680,2435
921,1398,921,2118,599,1394
162,162,1032,898,2441,623
163,163,1856,1411,1440,682
